,Next_Mode-(test set),Next_Mode-(predicted set)
6192,0,0
20209,1,1
19623,1,1
14952,1,1
1,0,0
8476,1,1
10317,0,0
3064,0,0
1220,0,0
21527,2,2
7917,0,0
12349,0,0
6089,2,2
272,0,0
17863,1,1
9435,0,0
6154,2,2
24372,1,1
12287,0,0
18725,2,2
3272,0,0
24362,1,1
22575,1,1
2895,0,0
2646,0,0
14886,1,1
15672,1,1
23459,1,1
9254,0,0
2001,0,0
1096,1,1
9273,0,0
4934,0,0
945,0,0
6958,2,2
22564,1,1
1237,0,0
16469,2,2
5254,2,0
4073,2,2
18844,2,1
7635,0,0
7011,0,0
14195,2,2
1430,0,0
853,0,0
16494,1,1
8774,0,0
7905,0,0
14646,1,1
18116,1,1
4276,2,2
7881,0,0
21508,2,1
918,0,0
20179,1,1
6436,2,2
5466,0,0
6830,0,0
8484,0,0
12184,0,0
14120,1,1
2452,0,0
5082,0,0
22417,1,1
23311,1,1
12003,0,0
21355,1,1
7882,2,2
11050,0,0
23643,1,1
23770,1,1
10740,0,0
21049,1,1
13571,2,2
12802,2,2
5965,0,0
3699,0,0
2332,0,0
1404,0,0
712,1,1
10609,0,0
17167,1,1
3630,0,0
21497,2,2
7271,2,2
20393,2,2
2551,0,0
23105,1,1
2814,0,0
14137,1,1
11166,0,0
18268,2,2
5484,0,0
12643,1,1
6494,0,0
14972,1,1
21664,1,1
7248,0,0
15394,2,2
23151,1,1
12647,2,2
17591,2,2
2695,0,0
24524,1,1
2153,0,0
21446,1,1
1429,0,0
22261,1,1
19466,1,1
24309,1,1
3675,0,0
5010,0,0
10286,0,0
17799,1,1
15580,2,2
20316,1,1
9786,0,0
2506,0,0
3442,0,0
16648,2,2
20528,1,1
19569,1,1
16756,2,2
11703,0,0
5317,0,0
11272,0,0
1625,1,1
13221,1,1
5676,0,0
15558,1,1
22171,1,1
6132,0,0
17254,2,1
3461,0,0
7925,2,2
15715,1,1
32,0,0
13358,1,1
6867,0,0
16275,1,1
2473,0,0
15135,1,1
18993,1,1
22500,1,1
16140,1,1
3591,0,0
22471,1,1
13561,1,1
5223,0,0
10208,0,0
7065,0,0
2057,0,0
9182,0,0
6955,0,0
6142,2,0
15787,1,1
7510,2,2
18593,2,2
24009,1,1
12331,0,0
661,0,0
24415,1,1
10331,1,1
11656,0,0
3745,0,0
22011,1,1
8608,1,1
13202,1,1
23003,1,1
14255,2,2
11596,0,0
6308,0,0
13878,1,1
22060,1,1
5379,0,0
6986,0,0
22331,1,1
19442,1,1
22276,1,1
14067,1,2
5013,0,0
18809,2,2
18777,1,1
7157,2,2
2893,0,0
10853,0,0
6201,0,2
6296,0,0
8312,0,0
4264,2,2
11616,0,0
9151,0,0
833,1,1
4852,2,2
22888,1,1
5589,0,0
8418,0,0
18344,1,1
7708,2,2
6495,0,0
15108,1,1
17953,1,1
14442,1,1
1560,0,0
17180,1,1
20581,1,1
9860,0,0
14943,1,2
7876,2,0
21875,1,1
17665,1,1
6065,2,2
21734,1,1
20221,1,1
5434,2,2
12732,1,1
22285,1,1
5585,2,2
21165,1,1
12555,0,0
861,0,1
10402,0,0
16723,1,1
18708,1,1
19090,2,2
14796,1,1
12114,0,0
23178,1,1
4339,0,0
22863,1,1
4863,0,0
18334,2,2
18781,1,1
12956,1,1
12957,1,1
19559,2,2
11419,0,0
2231,0,0
13815,1,2
4860,0,0
15601,1,1
12164,0,0
20548,2,2
11025,0,0
5297,2,2
13381,1,1
2994,0,0
576,0,0
20446,2,1
18333,1,1
12996,1,1
3773,2,2
2439,0,0
781,0,0
7117,0,0
4394,0,0
1687,0,0
11340,0,0
9771,0,1
11802,0,0
16371,1,2
17395,1,1
5819,2,2
10140,0,0
35,1,1
23146,1,1
1445,1,1
284,0,0
19933,1,1
20217,1,1
21026,1,1
6689,2,2
5233,0,0
7112,0,0
10357,0,0
3315,0,0
22101,1,1
11299,0,0
1074,0,0
18377,2,2
4522,2,2
23012,1,1
15578,1,1
20975,2,2
6984,0,0
20468,1,1
1850,0,0
8768,0,0
18575,2,2
16862,1,1
21452,1,1
10403,0,0
14370,1,1
13657,1,1
11890,0,0
22147,1,1
6409,0,0
7915,0,0
13974,1,1
22217,1,1
9111,0,0
18322,2,1
16434,1,1
16028,1,1
8840,0,0
13596,1,1
12358,0,0
10273,0,0
20038,2,1
11941,0,0
866,0,0
10090,1,1
12766,2,2
23187,1,1
2738,0,0
23345,1,1
329,1,1
13925,2,2
90,0,0
15194,1,1
5740,2,2
5670,0,0
4888,2,2
6072,0,0
9703,0,0
11364,0,0
18700,2,2
15030,1,1
21736,1,1
12015,0,0
19266,1,1
17751,1,1
3273,0,0
23876,1,1
23288,1,1
2977,0,0
15376,2,2
11061,0,0
14177,2,2
16743,1,1
7418,0,0
5259,0,0
8858,0,0
16931,2,2
9361,0,0
24353,1,1
8771,1,1
6726,0,0
9879,0,1
19783,1,1
5767,0,0
15467,2,2
20240,1,1
24437,1,1
23,1,1
19862,1,1
7274,0,0
12672,1,1
16356,1,1
20151,1,1
22338,1,1
9663,0,0
15755,2,2
4248,0,0
12050,0,0
21606,1,1
1721,1,1
56,0,0
4969,0,0
23149,1,1
912,0,0
185,1,1
16063,1,1
16211,2,2
14899,1,1
15083,2,2
14782,2,2
10826,0,0
9623,1,1
20415,1,1
3961,0,0
13388,1,1
21512,1,1
19711,1,1
19804,2,2
5372,0,0
4115,2,2
14521,1,1
11399,0,0
2379,0,0
24023,1,1
11934,0,0
15722,1,1
8996,0,0
9446,0,0
13417,1,1
4372,2,2
12889,1,1
16059,1,1
21918,1,1
17623,1,1
1092,0,0
8158,1,1
13964,1,1
18657,1,1
7782,0,0
11729,0,0
2979,0,0
22087,1,1
12886,2,1
187,0,0
16094,1,1
9456,0,0
7400,0,0
12268,0,0
22660,1,1
16273,1,1
15546,1,1
22415,1,1
8764,1,1
5131,0,0
22568,1,1
10055,1,1
15192,1,1
12324,0,0
4170,0,0
10031,1,1
21210,1,1
14541,1,1
11988,0,0
12534,0,0
19638,1,1
13389,1,1
19887,1,1
6681,0,0
17373,1,1
3661,0,0
15007,1,1
8272,1,1
8832,0,0
451,0,0
6017,2,2
15657,1,1
19329,1,1
4845,0,0
21658,1,1
22522,1,1
11240,0,0
8330,0,0
14039,2,2
23651,1,1
814,1,1
5751,0,0
21786,1,1
20977,1,1
18901,1,1
5584,2,2
511,0,0
6419,2,2
19344,1,1
2660,0,0
19196,1,1
14778,1,1
13189,1,1
7928,0,0
24327,1,1
20067,1,2
20924,1,1
3811,0,0
5708,0,0
7942,2,2
12169,0,0
12929,2,2
14933,2,2
22982,1,1
10700,0,0
19714,2,2
5936,0,0
3878,0,0
1005,0,0
12246,0,0
13321,1,1
8062,2,2
24557,1,1
12910,2,2
7936,2,2
3703,0,0
768,0,0
9022,1,0
23215,1,1
20792,1,1
13329,1,2
3708,0,0
18427,1,1
4629,0,0
17101,1,1
10791,0,0
18182,1,1
3617,2,2
22764,1,1
21350,1,1
9841,0,0
1812,0,0
16183,1,1
20158,2,2
9513,0,0
7370,0,0
4978,2,2
21862,1,1
9554,0,0
22231,1,1
7709,2,2
19211,2,2
8799,0,1
4390,2,0
24486,1,1
11603,0,0
15951,1,1
10107,0,0
10070,0,0
18110,1,1
12984,1,1
23492,1,1
17148,1,1
13570,2,2
15259,1,1
15433,1,1
13479,1,1
22483,1,1
21626,1,1
15892,2,2
14917,1,1
13911,1,1
11637,0,0
10110,0,0
4603,0,0
10157,1,1
23662,1,1
2592,0,0
15771,1,1
22216,1,1
1341,0,0
11970,0,0
17789,2,2
22695,1,1
10236,0,0
23380,1,1
17674,2,1
8918,0,0
15717,1,1
13888,2,2
4387,0,0
16391,2,2
19345,1,1
20532,1,1
16119,1,1
10638,0,0
9719,1,1
1373,1,1
15391,1,1
18587,2,2
16765,1,1
2203,0,0
6438,0,0
3512,0,0
13387,1,1
5609,2,2
8475,0,0
2754,0,0
15837,1,1
23449,1,1
10356,0,0
9309,0,0
19845,1,1
18018,1,1
15091,1,1
18296,1,1
23374,1,1
24330,1,1
23428,1,1
14008,2,2
16726,2,1
11198,0,0
18692,1,1
22194,1,1
24238,1,1
8097,0,0
11432,0,0
24189,1,1
5124,0,0
10394,0,0
17468,1,1
11310,0,0
20255,2,2
8579,1,1
10855,0,0
175,0,0
2694,0,0
11615,0,0
12424,0,0
16585,1,1
1274,0,0
5851,0,0
1227,0,0
14751,1,1
12880,2,2
14149,1,1
23541,1,1
6186,0,0
13328,1,1
7890,0,0
8461,0,0
11215,0,0
18857,2,2
2567,0,0
7990,2,2
51,0,0
10499,0,0
2249,0,0
15208,2,1
24153,1,1
645,0,0
8580,0,0
1978,0,0
17709,1,1
4095,0,2
22253,1,1
18253,1,1
8121,0,0
9567,0,0
13988,1,1
15980,1,1
12485,0,0
15571,1,1
5349,0,0
23870,1,1
14160,1,1
2790,0,0
17878,2,1
3706,2,2
12149,0,0
23270,1,1
19499,2,2
24062,1,1
2688,0,0
17028,1,1
8194,1,1
2237,0,0
22062,1,1
12537,0,0
4714,2,2
721,0,0
8637,0,0
11109,0,0
21880,1,1
22733,1,1
7301,2,2
11159,0,0
20310,1,1
4616,0,0
2572,0,0
2317,0,0
11131,0,0
21192,1,1
7122,0,0
10342,1,1
23303,1,1
15827,2,2
4704,0,0
9886,1,1
18469,1,1
3835,0,0
11196,0,0
1777,0,0
7812,0,0
12944,1,1
12170,0,0
4133,2,2
15523,1,1
9145,0,0
11086,0,0
23332,1,1
16297,1,1
15994,2,2
8561,1,1
18887,2,2
4132,2,2
16960,2,1
21101,2,2
23213,1,1
3233,0,0
6827,2,2
15382,2,1
14572,2,2
23819,1,1
9936,0,0
3370,0,0
12664,2,1
21344,1,1
5028,0,0
16449,1,1
20486,1,1
14400,1,1
4651,0,0
1793,1,1
24565,1,1
13864,2,2
13309,1,1
5567,2,2
6226,2,0
8051,2,2
17995,1,1
17495,2,2
8500,1,1
19213,1,1
16887,1,2
10009,0,0
21817,1,1
11663,0,0
812,0,0
22456,1,1
18019,1,1
5986,2,2
15876,1,1
5650,2,0
12063,0,0
14335,1,1
8211,0,1
21456,1,1
16586,1,1
2888,0,0
6106,2,2
23055,1,1
4009,0,0
15163,1,1
9402,0,0
9969,0,0
20043,1,2
10496,0,0
5378,0,0
5222,0,0
17472,1,1
10195,0,0
24125,1,1
8539,0,0
21174,1,1
10002,0,0
9819,0,1
2140,0,0
436,1,1
13,0,0
8206,1,1
7983,0,2
4858,2,2
18328,2,1
13227,1,1
1401,0,0
929,1,1
14054,1,1
14318,1,1
7887,0,0
21186,1,1
24057,1,1
12639,1,2
14729,2,2
21969,1,1
7412,0,0
23376,1,1
19263,1,1
12351,0,0
22086,1,1
4155,0,0
4269,0,0
13005,1,2
20424,1,1
5037,0,0
15670,2,2
24127,1,1
22539,1,1
8115,0,0
19270,2,2
10905,0,0
19298,1,1
20428,2,2
20019,1,2
16323,1,1
17655,1,1
14347,1,1
22718,1,1
4923,0,0
14162,1,1
9268,1,1
4177,0,0
18804,1,1
21778,1,1
10222,1,1
7478,0,0
9464,0,0
11936,0,0
15731,2,2
2991,0,0
16326,1,1
12353,0,0
17736,1,1
5108,0,0
8055,0,0
11212,0,0
2999,0,0
22970,1,1
1594,1,1
11559,0,0
14428,2,2
2266,0,0
21435,1,2
18984,1,1
20425,1,1
7128,0,0
10455,0,0
4958,0,0
19307,2,2
11589,0,0
14575,1,1
23236,1,1
8141,1,1
24556,1,1
5827,0,0
22824,1,1
21199,1,1
16666,2,2
21412,2,2
8575,0,0
15805,1,1
2536,0,0
8968,1,1
17438,1,1
9297,0,0
12817,1,1
1733,1,1
8920,1,0
11881,0,0
14843,2,2
17919,1,1
15041,2,2
7080,0,0
23253,1,1
13364,1,1
21415,1,1
9685,0,0
11293,0,0
15604,2,2
11759,0,0
17637,1,1
2502,0,0
17752,2,2
19749,1,1
1750,1,1
22797,1,1
8378,0,0
24302,1,1
7263,0,0
13245,1,1
860,0,0
3070,0,0
23468,1,1
5797,0,0
21937,1,1
21019,1,1
12206,0,0
21051,1,1
23557,1,1
3130,0,0
11374,0,0
21061,1,1
20083,1,1
13182,1,1
22800,1,1
1101,0,0
14835,1,1
15957,1,1
23982,1,1
23906,1,1
21702,1,1
146,0,0
944,0,0
10821,0,0
12635,2,2
11171,0,0
17287,1,1
13578,1,1
10191,0,0
14096,1,1
2980,0,0
24233,1,1
5878,2,0
23306,1,1
14659,1,1
20402,1,1
10653,0,0
15629,2,2
18658,2,2
18291,1,1
13754,1,1
17562,1,1
10389,0,0
23425,1,1
22555,1,1
19610,1,1
23398,1,1
5236,2,2
9876,0,0
18129,1,1
12250,0,0
24179,1,1
5380,2,2
466,1,1
7538,0,0
21811,1,1
20919,1,1
13464,1,1
2941,0,0
6379,0,0
8352,0,0
11075,0,0
5153,2,2
16904,1,1
24498,1,1
14034,1,1
8887,0,0
4609,0,0
17431,1,1
15072,1,1
1704,0,0
4977,0,0
3355,0,0
14829,1,2
6767,2,2
295,0,0
4502,0,0
7605,0,2
10763,0,0
9450,0,0
15261,1,2
19142,1,1
9768,0,0
1357,0,0
8042,0,0
19500,1,1
12333,0,0
9318,0,0
22201,1,1
11911,0,0
21093,1,1
18968,1,1
23775,1,1
3739,0,0
21608,1,1
20134,2,1
8923,0,0
18243,1,1
8095,0,0
7765,0,0
7776,0,0
7724,0,0
10067,1,1
22248,1,1
1477,0,0
988,1,1
4774,2,0
12211,0,0
12850,2,2
15428,1,1
9738,0,0
22716,1,1
14997,1,1
15658,2,2
9024,0,0
11183,0,0
13373,2,2
23928,1,1
17285,2,2
18145,1,1
23070,1,1
21246,1,1
18383,2,2
23716,1,1
23093,1,1
24495,1,1
17703,1,1
14209,1,1
16941,1,1
4625,2,2
9540,0,0
12087,0,0
537,0,0
15469,1,1
14977,1,1
7308,0,0
20048,1,1
10283,1,1
22881,1,1
22636,1,1
4719,0,0
21859,1,1
17329,1,1
11642,0,0
4019,2,2
20066,1,1
23394,1,1
24146,1,1
11170,0,0
3450,0,0
18320,1,1
21879,1,1
1519,0,0
15390,1,1
18628,2,2
10333,0,0
1032,0,0
6713,2,2
24477,1,1
11894,0,0
21440,1,1
3947,2,2
7958,0,0
21634,1,1
3896,0,0
13224,1,1
23853,1,1
6885,0,2
514,1,1
1150,1,1
4608,0,0
22390,1,1
832,1,1
24329,1,1
20103,1,1
5683,0,0
4018,2,0
2385,0,0
13542,1,1
11470,0,0
6988,2,2
6048,0,0
6858,0,0
16513,1,1
15111,1,1
7772,0,0
11482,0,0
818,0,0
889,0,0
22771,1,1
7388,0,0
5261,2,2
23972,1,1
5666,0,0
22669,1,1
14095,1,1
22481,1,1
16076,1,1
15847,1,1
18681,1,1
9461,1,1
7706,0,0
13776,1,1
5044,2,2
17887,1,1
1279,0,0
21996,1,1
6647,2,2
2872,0,0
7020,0,0
11346,0,0
8485,0,0
14700,1,1
1443,0,0
16603,1,1
9603,0,0
8896,1,0
22437,1,1
19669,1,1
6197,2,2
16571,2,2
14044,2,1
19545,1,1
19432,2,2
16436,1,1
13469,2,2
4686,0,0
19700,1,1
10582,0,0
13892,1,1
20718,1,1
232,1,1
8956,1,1
18158,1,1
24480,1,1
13115,2,2
8671,0,0
16658,1,1
1012,1,1
8279,1,1
16540,2,1
8358,0,0
8195,1,1
4305,0,2
8373,0,0
21373,1,1
18635,2,2
13063,1,1
19697,2,2
19074,1,1
13102,2,2
13904,1,1
20671,1,1
24414,1,1
8908,1,1
10978,0,0
5620,2,0
1542,0,0
4246,2,2
606,0,0
22637,1,1
23711,1,1
10423,0,0
2515,0,0
7149,0,0
8091,0,0
10275,0,0
20684,1,1
4748,0,0
24137,1,1
16444,2,1
12020,0,0
24249,1,1
11320,0,0
7938,0,0
15073,1,1
16656,1,1
16024,2,2
11644,0,0
2171,0,0
1480,1,1
8650,1,0
2200,0,0
18743,2,2
855,0,1
23106,1,1
4181,2,2
19369,1,1
17450,1,1
20867,2,2
4678,2,2
13042,2,2
1697,1,1
15132,1,1
16124,1,1
14251,1,1
4897,0,0
14573,2,2
9117,0,0
8870,0,0
4635,0,0
10835,0,0
5371,0,0
19647,1,1
3726,0,0
7477,0,0
3923,2,2
23817,1,1
20915,2,2
18877,1,1
6656,0,0
8518,1,1
5775,0,0
5843,2,2
23470,1,1
17763,1,1
19070,1,1
26,0,0
16873,1,1
390,0,0
1838,0,0
3317,0,0
19667,2,2
8865,0,0
3293,0,0
13251,1,1
13637,2,2
20969,2,2
9249,0,1
4270,2,2
11023,0,0
20529,1,1
7623,0,0
4740,0,0
19395,1,1
18329,2,2
16793,2,2
14962,2,2
18653,2,2
17575,1,1
20709,1,1
10515,0,0
16439,2,2
2923,0,0
18569,2,2
6031,0,0
11842,0,0
21757,1,1
9214,1,1
12371,0,0
2965,0,0
12969,1,1
8503,0,0
14818,2,2
20888,1,1
13856,1,1
20680,2,2
22509,1,1
1922,0,0
22859,1,1
22339,1,1
11424,0,0
22148,1,1
11021,0,0
6948,0,0
13448,1,1
10818,0,0
24482,1,1
11968,0,0
19516,2,2
16926,1,1
6729,0,2
9792,0,0
4268,0,0
5141,2,2
12370,0,0
155,1,1
9164,0,0
10159,0,0
19055,2,2
14642,1,1
943,0,0
10150,1,1
18350,1,1
24412,1,1
10528,0,0
14038,2,1
1837,0,0
17722,2,1
18980,1,1
18467,2,2
7071,0,0
23631,1,1
16496,1,1
2589,0,0
12011,0,0
10664,0,0
17016,1,1
8553,0,1
4556,0,0
1684,1,0
11237,0,0
12582,0,0
23268,1,1
22702,1,1
2364,0,0
17772,1,1
5089,0,0
23948,1,1
15129,1,2
9979,0,0
8404,1,1
16825,1,1
14388,1,1
14849,2,2
21033,1,1
6771,0,0
21705,1,1
19947,1,2
10129,0,0
7502,0,0
23854,1,1
23962,1,1
15167,2,2
3105,0,0
10145,1,1
12649,1,1
747,0,0
9628,1,0
687,0,1
13057,1,1
13952,1,1
4482,0,0
9782,0,0
17933,2,2
4160,0,0
18473,2,2
973,0,0
7951,0,0
20180,1,1
7257,0,0
13890,1,1
19510,2,1
9051,0,0
9279,0,0
7764,0,0
5825,2,2
20078,1,1
21257,2,2
19672,2,2
11965,0,0
2116,0,0
1314,0,0
23249,1,1
8969,1,1
10516,0,0
7189,0,0
18728,1,1
1884,0,0
4582,2,2
22066,1,1
4252,2,2
2891,0,0
19264,2,2
9087,0,0
17931,1,1
17517,1,1
11685,0,0
3643,0,0
23400,1,1
13077,1,1
22527,1,1
9327,0,0
2669,0,0
8508,0,0
7208,0,0
10231,0,0
3309,0,0
14504,1,1
21022,2,2
660,0,0
4769,2,2
21175,1,1
10367,0,0
7515,0,0
13418,1,1
6691,0,0
10827,0,0
23395,1,1
7078,2,2
9914,0,0
4601,2,2
1745,1,1
21487,1,1
20242,2,2
15745,1,1
880,1,1
244,1,1
597,0,1
22992,1,1
14775,1,1
6864,0,0
2954,0,0
17574,1,1
3567,0,0
16518,1,1
11907,0,0
11271,0,0
9285,0,0
24097,1,1
8510,0,0
11648,0,0
4829,2,2
840,0,0
14028,1,1
15067,1,1
8589,0,0
21671,1,1
8258,0,0
3867,0,2
18578,1,1
6800,0,0
13924,2,2
19601,2,2
2680,0,0
7969,0,0
15385,1,1
11474,0,0
1166,0,0
1083,0,0
22844,1,1
14863,1,1
7179,0,0
2988,0,0
10284,0,0
11367,0,0
12973,1,1
10244,0,0
1301,1,1
18205,1,1
6269,2,2
440,0,0
3973,0,0
18122,1,1
23848,1,1
10840,0,0
18074,1,1
6221,2,2
24388,1,1
2396,0,0
8892,0,0
8102,0,0
3195,0,0
21081,1,2
12289,0,0
21252,1,1
12375,0,0
23064,1,1
23751,1,1
14616,1,1
12793,1,1
18058,2,2
10697,0,0
3188,0,0
10003,0,0
1149,0,0
12294,0,0
21873,1,1
20590,2,1
21618,1,1
11690,0,0
19413,1,1
2621,0,0
2357,0,0
22858,1,1
14236,2,2
13105,1,1
9581,1,1
8013,0,0
8767,0,0
8837,1,1
17021,2,2
21764,1,1
2223,0,0
18527,2,2
11106,0,0
17029,1,1
975,0,0
10077,0,0
10534,0,0
14427,1,1
9204,0,0
11810,0,0
22125,1,1
20886,1,1
22643,1,1
1204,1,1
22619,1,1
6654,0,0
8082,0,0
6198,0,0
22112,1,1
15834,1,1
20087,2,2
4175,2,2
4278,0,0
5912,0,0
9243,0,1
22105,1,1
7988,0,0
3110,0,0
11931,0,0
23623,1,1
2441,0,0
2310,0,0
12283,0,0
4434,0,0
22229,1,1
16467,1,1
23226,1,1
17080,2,1
23137,1,1
15305,2,2
23519,1,1
8066,0,0
20884,2,2
15993,1,1
7252,2,2
13516,2,2
13826,1,1
2649,0,0
9256,1,1
10181,1,1
13262,1,1
17418,1,1
23901,1,1
17683,1,1
21126,1,1
17861,2,2
7760,0,0
1664,0,0
10557,0,0
18481,1,1
7643,2,2
23831,1,1
3473,0,0
4239,0,2
12462,0,0
8223,0,0
7975,0,0
1583,1,1
14995,1,1
19110,1,1
4571,2,2
2291,0,0
9629,1,1
5350,2,2
14503,1,1
2810,0,0
4820,0,0
22703,1,1
2408,0,0
19487,2,2
1646,0,0
22045,1,1
23341,1,1
17069,2,2
17314,2,2
9505,0,0
23493,1,1
14990,1,1
6211,0,0
22793,1,1
12898,2,1
8346,0,0
16755,1,1
13231,1,1
16911,1,1
4134,0,0
21968,1,1
15209,2,2
12065,0,0
19515,1,1
13178,1,1
19007,2,2
3153,0,0
23788,1,1
21896,1,1
18678,1,1
14726,1,1
6709,0,0
10868,0,0
1784,0,0
11805,0,0
10481,0,0
21154,2,2
8573,1,1
3058,0,0
5418,0,0
5925,0,0
1316,0,0
15383,2,2
18740,1,1
11867,0,0
24356,1,1
18778,2,2
19060,2,1
9126,0,0
8826,0,0
8753,1,1
10412,0,0
6341,2,2
4690,2,2
2461,0,0
11341,0,0
14187,1,1
17515,1,1
11661,0,0
24503,1,1
17184,1,1
8612,0,0
23940,1,1
17936,1,1
6465,0,0
15239,2,2
16081,1,1
19024,2,2
9921,0,0
18454,2,2
23212,1,1
19816,2,2
23262,1,1
21388,2,2
7468,2,2
3211,0,0
18944,1,1
958,1,1
13520,1,1
13650,1,1
15742,2,1
5755,0,0
7414,2,2
742,1,1
12572,0,0
9727,0,0
3621,0,0
6118,2,2
21343,1,1
8555,1,1
23234,1,1
5054,0,0
8839,0,0
12408,0,0
5324,0,0
13430,1,1
23006,1,1
23081,1,1
22311,1,1
20943,1,1
1698,0,0
1767,0,0
21099,1,1
20128,2,2
4966,2,2
15302,1,1
20513,2,2
8434,1,0
3816,0,0
21845,1,1
8316,0,0
12807,1,2
23612,1,1
24314,1,1
2683,0,0
7567,0,0
14337,1,1
15240,1,1
3999,0,2
2302,0,0
2106,0,0
6005,2,2
20877,1,1
23602,1,1
15519,1,1
15483,1,1
10321,0,0
18162,1,1
8948,0,0
3756,0,0
8609,1,1
3241,0,0
5301,0,0
14115,1,2
8708,0,0
24407,1,1
16220,1,1
17629,1,1
19352,1,1
12627,1,1
11937,0,0
10907,0,0
22199,1,1
11081,0,0
19100,1,1
15282,1,1
1749,0,0
868,1,1
23579,1,1
16744,2,2
47,1,1
19660,2,2
24435,1,1
14738,1,1
23086,1,1
15541,1,1
22959,1,1
9179,1,1
1600,1,1
15018,1,1
5060,0,0
22424,1,1
9717,0,1
4446,0,0
12500,0,0
15422,1,1
10155,0,0
5804,0,0
10680,0,0
16901,2,2
7302,0,0
6080,0,0
23206,1,1
14916,1,1
15369,1,1
21890,1,1
8971,0,0
21868,1,1
4730,0,0
8601,0,0
10708,0,0
14052,1,1
3343,0,0
10657,0,0
21304,2,2
3336,0,0
8661,0,1
11587,0,0
5170,2,2
15346,2,2
14316,1,1
23714,1,1
1586,0,0
4672,2,0
16903,1,1
11838,0,0
8033,2,2
17479,1,1
2508,0,0
5964,0,0
24363,1,1
22224,1,1
21123,1,1
4756,2,0
22114,1,1
24276,1,1
14088,1,1
2076,0,0
5392,2,2
12674,1,1
9313,0,0
338,0,0
4604,0,0
24334,1,1
7415,2,2
4994,0,0
3041,0,0
6727,0,0
18800,1,1
21901,1,1
17914,2,2
7584,0,0
8805,0,1
17298,1,1
7145,2,2
8154,0,0
13577,2,2
20229,1,1
4787,2,2
21928,1,1
19349,2,2
18836,1,1
18081,1,1
24378,1,1
2791,0,0
618,0,0
22686,1,1
17352,1,1
23743,1,1
22610,1,1
11994,0,0
11176,0,0
20683,1,1
16918,2,2
19754,1,1
20572,2,2
11849,0,0
7030,2,2
12814,2,2
22903,1,1
22093,1,1
23412,1,1
7384,2,2
19382,1,1
23672,1,1
21478,2,2
2828,0,0
13887,1,1
7811,2,2
1737,0,0
24560,1,1
8911,0,0
4987,0,0
18972,1,1
4005,0,0
19406,1,1
19471,1,1
3412,0,0
15762,1,1
5830,2,0
19245,1,1
3965,2,2
8694,0,0
22333,1,1
20111,2,2
6386,0,0
14942,1,1
5847,0,2
15959,2,2
11992,0,0
11831,0,0
9895,0,0
11048,0,0
8104,1,0
14839,1,1
20946,1,1
11578,0,0
21752,1,1
22700,1,1
6683,2,2
6330,0,0
15475,1,1
8603,1,1
5290,2,2
23145,1,1
5983,0,0
14597,2,2
11687,0,0
15344,1,1
541,0,0
9743,1,1
11338,0,0
17333,2,2
6718,2,2
22176,1,1
15553,1,1
7154,0,0
2331,0,0
3695,2,2
20796,1,1
3161,0,0
363,0,0
1394,0,0
1313,1,1
19533,1,1
4419,0,0
22604,1,1
20499,1,1
2607,0,0
20071,1,1
13456,2,2
243,0,0
3747,0,0
431,1,1
10541,0,0
23158,1,1
24489,1,1
18572,1,1
16394,1,1
16537,1,1
14812,2,1
15200,1,1
12904,2,2
17760,1,1
8464,1,0
16806,1,1
19172,1,1
22264,1,1
14000,1,1
11541,0,0
5926,2,2
8297,1,1
11561,0,0
11602,0,0
6786,0,0
22303,1,1
17457,1,1
17008,2,2
23971,1,1
13098,1,1
23532,1,1
12222,0,0
672,0,0
21338,1,1
3572,0,0
20875,1,1
17482,2,1
13300,2,2
10443,0,0
19848,1,1
3073,0,0
6431,2,2
22205,1,1
22875,1,1
5510,0,0
11253,0,0
1003,0,0
16209,1,1
8497,0,0
5415,0,2
19553,2,2
9389,1,1
991,0,0
19011,1,1
15421,1,1
1604,0,0
12031,0,0
7019,2,2
21803,1,1
19739,2,2
2175,0,0
23389,1,1
5568,0,0
21065,2,2
19973,2,2
24031,1,1
19835,2,2
5973,0,0
21704,1,1
6298,2,2
6414,0,0
6514,2,2
18763,1,1
1984,0,0
5818,2,2
1290,0,0
12702,1,1
2714,0,0
23956,1,1
2802,0,0
20728,2,2
3725,2,2
11315,0,0
17742,1,1
24047,1,1
680,0,0
7456,2,2
12151,0,0
8023,0,0
17787,1,1
9028,1,1
3856,2,0
9723,0,0
2845,0,0
5234,0,0
5710,2,2
11915,0,0
1816,0,0
22365,1,1
13113,1,2
16679,2,2
24331,1,1
13877,2,2
23431,1,1
4783,0,0
4500,0,0
7224,0,0
6361,0,0
20490,1,1
1690,1,0
10562,0,0
6973,0,0
13312,2,2
10686,0,0
10174,1,1
16239,1,2
10521,0,0
20735,2,2
17417,2,2
5508,0,0
24109,1,1
12831,1,1
16002,1,1
17476,2,2
18793,1,1
13422,1,1
22401,1,1
3987,0,2
8716,1,1
14183,2,2
15585,1,1
18121,1,1
13876,2,2
920,0,0
15661,1,1
6812,0,0
12539,0,0
5331,0,0
3979,0,0
17968,2,2
6250,2,2
23634,1,1
20615,2,2
14514,1,1
11222,0,0
10409,0,0
4031,2,2
2645,0,0
10637,0,0
6497,2,2
5217,0,0
15260,1,1
1045,0,0
11565,0,0
4734,0,0
10983,0,0
11828,0,0
16745,2,2
2251,0,0
2485,0,0
16258,2,1
15627,1,1
4554,0,0
22835,1,1
21377,2,2
7223,2,2
15758,1,1
22878,1,1
1126,1,0
9395,1,1
4689,0,0
8547,0,1
13137,1,1
21615,1,1
16843,1,1
12052,0,0
20573,2,2
1965,0,0
3323,0,0
3144,0,0
5997,0,0
24507,1,1
15106,2,2
24335,1,1
10078,1,1
16973,2,2
21053,2,2
10407,0,0
3860,0,0
12988,2,2
14073,1,2
14948,1,1
11982,0,0
2953,0,0
7758,0,0
3447,0,0
8529,0,0
19824,1,1
20826,1,1
7749,0,0
20172,1,1
21533,2,2
778,1,1
19106,1,1
16132,2,1
17292,1,1
9219,0,0
14956,2,2
19987,1,1
18472,2,2
16420,2,2
12315,0,0
2528,0,0
12469,0,0
10297,0,0
16833,1,2
5422,2,2
1897,0,0
6717,0,0
10711,0,0
4230,0,0
12575,0,0
4040,0,0
16454,1,1
7118,0,0
15059,2,2
13065,1,1
24382,1,1
21016,2,1
7583,2,2
20905,1,1
22461,1,1
9198,0,0
13865,2,2
24259,1,1
452,0,0
15814,2,2
24078,1,1
2672,0,0
19117,1,1
19486,2,1
23214,1,1
16682,1,1
21974,1,1
17991,1,1
17088,1,1
12598,2,2
21296,1,1
1699,0,0
6720,0,0
9731,1,1
15403,1,1
16229,2,2
10477,0,0
7472,0,0
11507,0,0
24271,1,1
15704,1,1
10206,0,0
8591,1,1
14055,1,1
1254,0,0
12543,0,0
7907,2,2
1679,1,1
24045,1,1
14864,1,1
18260,1,1
11430,0,0
8595,0,1
22715,1,1
23792,1,1
9319,0,0
2817,0,0
2126,0,0
9563,1,1
14405,2,2
8018,0,0
14568,1,1
12692,1,1
23686,1,1
15388,2,1
10764,0,0
2169,0,0
5591,2,2
5173,0,0
1889,0,0
16409,2,2
12633,1,2
10489,0,0
12263,0,0
4655,2,2
21066,1,1
493,0,0
772,1,0
14410,2,1
10040,0,0
16759,1,1
18015,1,1
11297,0,0
7330,2,2
15028,2,2
15225,1,1
22318,1,1
6578,0,0
24463,1,1
3828,0,0
15916,2,2
10310,0,0
9931,0,0
22554,1,1
8706,0,0
21056,1,1
22082,1,1
15342,1,1
7688,0,0
14114,1,1
24394,1,1
3948,0,0
2064,0,0
7039,0,0
23073,1,1
11451,0,0
18921,1,1
9783,0,1
24460,1,1
3577,0,0
4056,0,0
5440,2,2
22296,1,1
3761,2,2
23588,1,1
20079,1,2
6227,2,2
23589,1,1
16625,2,2
12526,0,0
17209,1,1
20768,1,1
21827,1,1
19977,1,1
5381,2,2
20588,1,1
995,1,1
13247,2,2
15258,1,1
2029,0,0
5913,0,0
9641,1,1
5586,0,0
13591,1,1
14894,1,1
20073,1,1
24102,1,1
5138,0,0
5395,0,0
16433,2,2
815,1,1
24242,1,1
7766,0,0
9905,1,1
13350,1,1
14342,1,1
4035,0,2
23838,1,1
6772,2,2
20182,2,2
11161,0,0
12449,0,0
22922,1,1
4185,0,0
6737,2,2
10863,0,0
3622,2,2
23102,1,1
23567,1,1
18025,1,1
13802,1,1
18257,2,2
13188,1,1
3684,0,0
3596,0,0
8376,0,0
7703,2,2
20742,1,1
8888,0,0
14413,1,1
1515,0,0
16881,1,1
18066,1,1
9851,1,1
2664,0,0
11799,0,0
5304,0,0
6530,0,0
17808,1,1
1588,1,1
9421,0,0
7537,0,0
191,1,1
3499,0,0
6764,0,0
2211,0,0
4146,0,0
14218,2,2
14246,1,1
15451,1,1
14675,2,2
23915,1,1
24418,1,1
21167,2,2
21090,1,1
6872,0,0
9930,0,0
19683,1,1
17738,1,1
13488,1,1
1839,0,0
7096,2,2
11610,0,0
10045,0,0
13143,1,1
11311,0,0
10198,1,1
8247,0,1
13248,1,1
11498,0,0
7488,0,0
22759,1,1
5682,0,0
20160,1,1
13473,1,1
6684,0,0
22144,1,1
10601,0,0
21621,1,1
6836,0,0
13243,1,1
22233,1,1
4818,0,0
3576,0,0
1246,1,1
5841,0,2
15029,2,2
585,0,0
13590,1,1
556,1,1
22459,1,1
8745,0,0
18624,1,1
12888,1,1
12385,0,0
804,0,0
18880,2,2
24037,1,1
4122,0,0
12592,2,1
20700,1,1
7251,0,0
8321,1,1
22238,1,1
23718,1,1
11763,0,0
22453,1,1
5263,0,0
2189,0,0
1120,1,0
12742,2,2
21379,1,1
18618,1,1
9008,0,0
19552,2,1
12952,2,2
8667,0,0
6975,0,0
9350,0,0
19713,1,1
7379,2,2
24424,1,1
7411,0,0
2854,0,0
12777,1,1
17245,1,1
17188,2,2
1567,0,0
9099,0,0
215,1,1
11038,0,0
21561,1,1
9014,0,0
19434,1,1
30,0,0
6605,2,2
23155,1,1
1804,0,0
24072,1,1
2147,0,0
11720,0,0
9684,0,0
8664,0,0
8109,0,0
12244,0,0
17538,1,1
17978,1,1
6029,2,2
2444,0,0
13580,1,1
4050,0,0
4358,0,0
12475,0,0
21265,1,1
14460,1,1
448,1,1
8236,1,1
10422,0,0
18637,1,1
319,0,0
19843,1,1
11955,0,0
19248,1,1
9661,0,0
1070,0,0
15218,1,1
18219,1,1
12230,0,0
19420,2,1
21054,1,1
14036,1,1
7198,2,2
8900,0,0
6645,0,0
5957,2,2
12980,1,1
3748,2,2
21171,1,1
2525,0,0
14741,2,2
21394,2,2
1534,1,1
1171,0,0
16052,1,1
1635,0,0
17841,1,1
10004,0,0
4685,2,2
22293,1,1
11999,0,0
24088,1,1
21494,1,1
15653,2,2
21524,1,1
24227,1,1
5100,0,0
4385,2,2
23540,1,1
7482,0,0
24457,1,1
16816,2,2
18353,2,2
15409,1,1
15645,1,1
12142,0,0
17331,1,1
6021,0,0
4353,0,0
18555,1,1
10787,0,0
15448,2,2
1127,1,1
7581,0,0
8618,0,0
9600,0,0
14329,1,1
4052,0,0
8002,2,2
13334,1,1
9564,0,0
19913,2,2
24419,1,1
14332,2,2
10005,0,0
18436,2,2
22051,1,1
19850,1,1
13511,2,2
22870,1,1
5255,2,2
4266,0,0
3341,0,0
17413,1,1
22265,1,1
4572,0,0
1627,0,0
3808,2,2
23658,1,1
5073,0,0
7201,0,0
9967,0,0
17898,1,1
13177,1,1
16282,2,1
6861,0,0
7249,0,0
17806,2,2
14742,1,1
9724,1,1
1512,0,0
15482,1,1
1066,1,1
9186,0,0
15897,1,1
6463,0,0
1075,0,0
10451,0,0
22556,1,1
3329,0,0
12780,1,1
7959,0,0
13173,1,1
14185,1,1
1962,0,0
12870,1,1
5528,0,0
14111,2,2
11770,0,0
8695,0,0
19521,1,2
7091,2,2
10631,0,0
17678,1,1
13987,1,1
7334,0,0
14448,1,1
2253,0,0
13380,1,1
8222,0,0
8560,1,1
19054,2,2
17443,1,1
5244,0,0
22562,1,1
18953,2,2
20643,1,1
17932,2,2
14534,1,1
15096,1,1
19736,1,1
16547,2,2
12542,0,0
21661,1,1
20149,1,1
2463,0,0
11169,0,0
13716,1,1
5078,0,0
15406,2,2
10132,1,1
7293,0,0
1386,0,0
14288,1,1
8692,1,1
6912,0,0
24294,1,1
14655,1,1
1481,1,1
2913,0,0
22810,1,1
7043,2,2
10094,0,0
18873,1,1
5702,0,0
3494,0,0
8171,1,1
10929,0,0
20011,1,1
4283,2,2
22803,1,1
16365,1,1
19628,1,1
8638,1,1
11003,0,0
9678,0,0
16815,1,1
14080,2,2
3122,0,0
10268,0,0
8556,0,0
17815,1,1
6564,0,0
16425,1,2
15613,1,1
19912,2,2
9016,1,1
12194,0,0
6475,0,0
5594,0,0
12571,0,0
16278,1,1
7929,0,0
5562,0,0
11385,0,0
6155,2,2
18699,1,1
17058,1,1
12624,1,1
13330,2,2
18535,1,1
221,1,1
20592,1,1
337,0,0
4030,2,2
14367,1,1
9352,1,1
1598,0,0
23023,1,1
4945,0,0
242,0,0
15934,2,2
5008,2,0
18433,1,1
19155,1,1
7880,0,0
16771,1,1
18650,1,1
21187,1,1
20284,2,2
16976,1,1
14698,2,1
20618,1,1
21725,1,1
3017,0,0
13200,1,1
12576,0,0
629,1,1
23255,1,1
16014,1,1
13416,1,1
19127,2,2
19706,1,1
3350,0,0
8377,0,0
3202,0,0
8173,0,0
12038,0,0
4114,2,2
6167,2,2
3935,2,2
18811,1,1
19190,1,1
706,1,1
24438,1,1
14092,2,1
9788,0,0
21650,1,1
7052,0,0
20763,1,1
11667,0,0
18181,1,1
21211,1,1
197,1,1
21939,1,1
6526,2,2
16990,2,2
23156,1,1
21876,1,1
21239,2,2
17571,1,1
1476,0,0
15721,1,1
5029,0,0
5566,2,2
15551,2,2
6153,0,0
19520,1,1
9475,0,0
17876,1,1
20431,1,1
24065,1,1
17628,1,1
19538,1,1
23141,1,1
4932,0,0
10148,0,0
16189,1,1
6233,2,0
7360,2,2
14056,2,2
5410,2,2
8162,0,0
22915,1,1
11397,0,0
12940,2,1
5427,0,2
871,0,0
9422,0,0
628,1,1
17636,1,1
10906,0,0
15922,2,2
1924,0,0
14202,1,1
4844,0,0
5988,0,0
24563,1,1
16241,2,2
6273,0,0
542,0,0
368,0,0
21378,1,1
18838,2,2
3719,2,2
7794,0,0
11528,0,0
8172,0,0
16029,1,2
22166,1,1
4677,0,0
18996,1,1
20623,1,1
20711,2,2
4880,0,0
22241,1,1
20339,2,2
591,0,1
15087,1,1
13399,1,1
9163,0,0
4327,0,0
15545,2,2
4081,0,0
3080,0,0
24299,1,1
9926,0,0
21359,2,2
11593,0,0
14763,1,1
10396,0,0
23597,1,1
15743,2,2
3548,0,0
8903,1,1
16717,1,1
20254,2,1
22991,1,1
14938,2,2
8078,0,0
10490,0,0
3050,0,0
13009,1,1
23842,1,1
20343,1,1
16652,1,1
5641,0,0
10749,0,0
14921,2,2
10681,0,0
11511,0,0
12160,0,0
3191,0,0
3937,0,0
3019,0,0
3644,0,0
1768,1,1
12191,0,0
1331,1,1
17361,1,1
23935,1,1
13095,1,2
8488,1,1
16247,2,2
10725,0,0
5382,0,0
6238,2,2
23598,1,1
1338,0,0
18753,1,1
4706,0,0
1452,0,0
1427,1,1
15656,1,1
627,0,0
19905,1,1
22513,1,1
23131,1,1
12354,0,0
1667,1,1
21096,1,1
2608,0,0
21420,1,1
12650,1,1
17725,1,1
11585,0,0
411,0,0
20543,2,2
11284,0,0
19604,1,1
8207,1,1
23387,1,1
24501,1,1
22005,1,1
9547,0,0
1528,1,1
21783,1,1
15336,1,1
14660,1,1
20163,1,1
18502,2,2
8442,0,0
113,1,1
11688,0,0
21021,1,1
18516,1,1
8239,0,0
21003,1,1
19323,1,1
5491,0,0
18372,1,1
13811,2,2
1248,0,0
10255,0,0
478,1,1
16295,2,2
21878,1,1
14692,2,1
3156,0,0
6552,0,0
11806,0,0
18072,1,1
6149,2,2
8117,1,1
13071,1,1
18758,1,1
5112,0,0
1786,1,1
17127,1,1
3613,0,0
13327,1,1
23136,1,1
21787,1,1
15682,2,2
4648,2,0
2283,0,0
11475,0,0
6351,0,0
19460,1,1
1673,1,1
24218,1,1
24447,1,1
14456,1,1
19919,2,2
2084,0,0
403,0,0
23095,1,1
18568,2,2
14833,1,1
18483,1,1
19611,1,1
21955,1,1
2135,0,0
20514,1,1
22259,1,1
16694,1,1
609,0,0
14152,2,2
10043,1,1
24513,1,1
24162,1,1
17820,1,1
20601,1,1
8492,0,0
19320,1,1
9511,0,0
19411,1,1
18583,1,1
11564,0,0
19168,2,2
19052,1,1
23708,1,1
8233,0,0
20108,1,1
23433,1,1
9216,0,0
12416,0,0
21683,1,1
2360,0,0
17682,1,1
5188,2,2
16675,1,1
21340,2,2
2351,0,0
11000,0,0
2883,0,0
15054,1,1
2918,0,0
3888,0,0
10898,0,0
23097,1,1
18610,2,2
22856,1,1
15597,1,2
2276,0,0
62,0,0
6315,0,0
24500,1,1
17823,1,1
20521,1,1
24248,1,1
13666,2,2
2565,0,0
11355,0,0
9038,0,0
3562,0,0
1340,0,0
21723,1,1
18973,1,1
15675,1,1
12461,0,0
11577,0,0
2287,0,0
19273,1,1
10880,0,0
19768,2,2
5838,0,0
22521,1,1
12899,2,2
16618,2,1
21052,2,2
12565,0,0
16660,2,2
17954,1,1
19371,1,2
4025,2,2
4621,0,0
3338,0,0
7401,0,0
12778,2,2
361,0,0
16562,1,1
24030,1,1
2983,0,0
16828,2,2
13485,1,1
11352,0,0
7170,0,0
8528,0,0
376,1,1
17152,2,2
10775,0,0
14929,1,1
23763,1,1
3642,0,0
18392,1,1
21979,1,1
10408,0,0
17494,2,2
22316,1,1
4292,0,0
22873,1,1
16074,1,1
2700,0,0
6716,0,0
5953,0,0
2974,0,0
10696,0,0
13412,1,1
12432,0,0
15492,1,1
21319,1,1
17784,1,1
9195,0,0
3998,0,0
5433,0,0
5487,0,0
8178,0,0
23766,1,1
20883,1,1
16126,2,1
6899,2,2
4941,0,0
15117,1,1
20895,1,1
2772,0,0
13927,1,1
19813,1,1
8831,1,1
5872,2,2
13768,2,1
21977,1,1
20851,1,1
1902,0,0
16795,1,1
7735,0,0
1174,1,0
13993,1,1
20070,1,1
11360,0,0
11871,0,0
15197,2,2
21128,1,1
1882,0,0
15676,2,2
19759,1,1
19173,1,1
16475,2,2
2654,0,0
22252,1,1
8617,0,0
18854,1,1
16734,1,1
6441,0,0
23996,1,1
9436,1,1
15634,2,1
3206,0,0
10384,0,0
20706,1,1
3422,0,0
7977,0,0
8456,0,0
15210,1,1
11495,0,0
15366,1,1
17010,1,1
8834,0,0
18294,1,1
17371,1,1
21405,1,1
16677,1,1
10800,0,0
18100,2,1
1206,0,0
18417,1,1
21908,1,1
11550,0,0
1185,0,0
11076,0,0
553,0,0
10512,0,0
19220,1,1
17230,2,2
2867,0,0
20687,2,2
19483,1,1
396,0,0
12603,1,1
3489,0,0
5919,0,0
21874,1,1
8615,1,1
231,0,0
2060,0,0
2798,0,0
12566,0,0
1524,0,0
10759,0,0
22916,1,1
6117,0,0
24133,1,1
3507,0,0
16630,2,2
10019,1,1
10527,0,0
15576,1,1
9853,0,0
20561,2,2
4064,0,0
11746,0,0
9084,0,0
9998,0,0
21113,2,2
18967,1,1
12722,1,1
7216,2,0
8770,1,0
2006,0,0
11441,0,0
21127,1,1
2038,0,0
22007,1,1
3736,2,0
18358,2,2
4012,2,0
1311,0,1
17219,2,2
16438,2,2
12442,0,0
21852,1,1
3230,0,0
6774,0,0
5198,0,0
11093,0,0
1590,0,0
2243,0,0
4899,0,2
8304,0,0
21750,1,1
3831,0,2
19984,2,1
2547,0,0
10972,0,0
527,1,1
16787,2,2
1275,0,1
19868,1,1
2511,0,0
14708,1,1
22950,1,1
9221,1,1
3126,0,0
3723,0,2
15190,2,2
9000,0,0
17650,2,2
17426,1,1
12253,0,0
9948,0,0
401,1,1
15,0,0
22944,1,1
18683,2,2
5191,0,0
24397,1,1
6205,0,0
15681,1,1
4874,0,0
23504,1,1
21121,1,1
8150,0,0
19304,1,1
19247,2,2
23720,1,1
19431,1,1
24200,1,1
16005,1,1
13140,1,1
11834,0,0
17411,2,2
5879,2,2
3301,0,0
15677,2,2
20394,1,1
17604,1,1
22353,1,1
10184,0,0
13050,1,1
15907,1,1
6284,0,0
15853,1,1
13806,1,1
5522,0,0
5296,2,0
14841,1,1
12559,0,0
10131,0,0
22374,1,1
16009,1,1
3040,0,0
3259,0,0
2199,0,0
4614,0,0
14545,1,1
8025,0,0
13035,1,1
2739,0,0
3395,0,0
9344,0,0
22067,1,1
736,1,0
12126,0,0
15162,1,1
8627,1,1
19112,1,1
24295,1,1
8386,1,0
3279,0,0
9602,0,0
23728,1,1
15487,1,1
13624,2,2
1052,0,0
22672,1,1
4687,0,0
18776,1,1
4233,0,0
12102,0,0
16148,1,1
16850,1,1
3155,0,0
7600,2,2
23069,1,1
422,0,0
10569,0,0
18270,1,1
1053,0,1
927,0,1
13502,1,1
12473,0,0
21907,1,1
22161,1,1
18348,1,1
783,0,0
9282,0,0
23402,1,1
16590,1,1
14799,1,1
9852,0,0
12928,2,1
4753,0,0
17971,1,1
22220,1,1
21690,1,1
8945,1,1
11641,0,0
7904,0,0
22709,1,1
17084,1,1
13673,2,2
24505,1,1
13339,1,1
12360,0,0
14322,1,1
3805,0,0
24512,1,1
420,0,0
22731,1,1
21354,1,1
14710,2,1
9226,1,1
21872,1,1
565,0,0
202,1,0
1491,0,0
23934,1,1
652,1,1
6179,2,2
19221,1,2
15038,1,1
12342,0,0
2711,0,0
7998,0,0
18341,2,2
15802,2,1
17980,2,1
5426,0,0
14268,1,1
1375,0,0
6143,2,2
10238,0,0
20495,2,2
2734,0,0
16781,2,2
16920,1,1
1941,0,0
6016,2,2
2969,0,0
2414,0,0
16848,1,1
11552,0,0
968,0,0
20732,1,1
24539,1,1
11771,0,0
2981,0,0
22488,1,1
5096,0,0
3522,0,0
3189,0,0
24231,1,1
16836,1,1
12661,1,1
9650,0,0
6239,2,2
10625,0,0
19527,1,2
4210,2,2
16546,2,2
17094,1,1
4328,0,0
19823,2,2
7082,0,0
7214,0,0
21382,2,2
20155,1,1
3963,0,2
7429,0,0
17300,1,1
3100,0,0
19980,1,1
11753,0,0
14253,1,1
12847,1,1
3091,0,0
12610,2,2
20247,1,1
17696,1,1
9137,1,1
13546,2,2
22386,1,1
11773,0,0
6062,0,0
11654,0,0
8704,1,1
3257,0,0
6471,0,2
1259,1,1
3006,0,0
2769,0,0
10200,0,0
23769,1,1
5703,0,0
4975,0,0
6933,0,2
23369,1,1
21926,1,1
16956,1,1
5408,0,0
4295,2,2
10678,0,0
2400,0,0
19867,1,1
5305,0,0
7799,2,2
17377,1,1
7295,2,2
8345,1,1
7386,0,0
18909,1,1
9865,0,0
20319,1,1
21854,1,1
14762,1,1
8527,0,0
16685,2,2
22566,1,1
3270,0,0
6109,0,0
7111,0,0
13092,1,1
4308,0,0
4203,0,0
13560,1,1
22822,1,1
9349,0,0
16366,2,2
14157,1,1
3900,0,0
10842,0,0
8546,0,0
14464,2,2
9607,0,0
21629,1,1
2129,0,0
2272,0,0
23166,1,1
15064,2,2
17766,1,1
1906,0,0
10391,0,0
15364,2,2
6235,0,0
13697,2,2
2390,0,0
10622,0,0
5312,0,0
7306,2,0
4595,2,2
14961,1,1
3025,0,0
3529,0,0
12269,0,0
10020,0,0
1267,0,0
11885,0,0
2718,0,0
10858,0,0
14614,2,1
1441,0,0
17095,1,1
6145,0,0
9773,1,1
3641,2,2
13642,2,1
21610,1,1
18238,2,2
9473,1,1
17741,2,2
16129,1,1
23897,1,1
1951,0,0
23572,1,1
14791,1,1
8151,0,1
13527,1,1
18082,2,2
22608,1,1
12602,1,1
9761,1,1
24545,1,1
6184,2,0
11984,0,0
9181,0,0
19608,1,1
19903,1,1
16104,1,1
13344,1,1
19303,1,1
15610,2,1
20475,1,1
17077,1,1
4447,0,0
18195,1,1
1988,0,0
1155,0,1
18028,2,2
3971,2,2
22325,1,1
4640,0,0
3208,0,0
1154,0,0
15539,2,2
22211,1,1
811,0,0
3943,0,0
9501,0,0
21674,1,1
14705,2,2
2556,0,0
236,0,0
15785,2,2
5232,0,0
23168,1,1
23937,1,1
1060,1,1
22896,1,1
23952,1,1
756,0,0
15145,1,1
19873,1,1
23777,1,1
1992,0,0
7404,0,0
19793,2,2
11535,0,0
1603,0,0
10997,0,0
22979,1,1
16285,1,1
8310,0,0
891,0,0
12337,0,0
24066,1,1
23697,1,1
22914,1,1
14768,1,1
700,1,1
14532,1,1
14996,1,1
19094,1,1
22899,1,1
12279,0,0
22694,1,1
8523,0,1
13392,1,1
20751,1,1
12350,0,0
18202,2,1
7279,0,0
14714,1,1
12975,1,2
12811,1,1
11221,0,0
13594,2,1
9614,0,0
24576,1,1
17704,2,2
21403,1,1
23849,1,1
4814,0,0
10908,0,0
24455,1,1
12769,1,1
19723,1,1
14105,2,2
10593,0,0
11281,0,0
11027,0,0
13967,2,2
20797,1,1
15724,2,2
16099,1,1
5625,0,0
2855,0,0
19422,1,1
1024,1,1
1241,1,1
8557,0,0
4490,0,0
2728,0,0
4870,2,2
22024,1,1
10186,1,1
2093,0,0
6437,2,2
3859,0,0
892,1,1
20370,1,1
5977,0,0
2574,0,0
14295,1,1
20205,1,1
5481,0,0
2436,0,0
19037,2,2
3804,0,0
7281,0,0
22454,1,1
10013,1,1
16742,1,1
5821,0,0
5470,2,2
22142,1,1
16105,1,1
3027,0,0
22109,1,1
19986,1,1
15248,1,1
21060,1,1
13275,1,1
16993,1,1
6125,2,2
18727,1,1
18515,2,2
13832,1,1
4378,2,2
24071,1,1
7387,0,0
18734,1,1
71,1,1
12106,0,0
17085,1,1
7935,0,2
14457,1,2
24090,1,1
23327,1,1
14062,2,2
13378,2,2
6887,2,2
14492,1,1
8516,0,0
6658,2,0
4359,0,2
4896,0,0
13084,2,1
11276,0,0
5006,0,0
4151,2,2
9644,0,0
4107,0,2
6659,2,2
20232,1,1
9555,0,0
7233,0,0
15215,2,2
3420,0,0
5523,0,0
9842,0,0
24318,1,1
6054,0,0
392,0,0
23671,1,1
18697,1,1
19448,1,1
18495,1,1
1753,0,0
16921,1,1
12221,0,0
10340,0,0
17160,1,1
16740,1,1
14444,1,1
20423,2,2
9232,1,0
2020,0,0
21570,1,1
11068,0,0
19236,1,1
1631,1,1
9242,0,0
10571,0,0
16043,2,2
12787,1,1
19659,1,1
5994,0,0
14831,2,2
16563,1,1
8296,1,0
3028,0,0
15960,1,1
6751,0,0
16173,1,1
22758,1,1
23687,1,1
16943,2,2
22948,1,1
1336,1,1
20253,1,1
7320,0,0
7441,0,0
20898,1,1
11811,0,0
10733,0,0
9246,0,0
10537,0,0
3607,0,0
20844,1,1
22298,1,1
18126,1,1
6131,2,2
13686,1,1
8019,0,2
12992,1,1
21978,1,1
20159,2,2
12413,0,0
17656,2,2
14254,2,2
335,1,1
23261,1,1
24417,1,1
22962,1,1
9115,0,0
6972,0,0
364,1,1
5922,0,0
20584,2,2
23243,1,1
8145,0,0
6074,0,0
23047,1,1
3072,0,0
13013,2,2
23844,1,1
12521,0,0
20041,1,1
17286,1,1
14485,1,1
2566,0,0
8939,1,1
14592,1,1
14861,2,2
18892,2,1
10435,0,0
10026,0,0
9867,0,0
19856,1,1
8432,0,0
4344,0,0
13687,1,1
21230,1,1
23525,1,1
11754,0,0
17870,1,1
21583,1,1
22025,1,1
6357,0,2
10505,0,0
18500,1,1
6929,2,2
1300,1,1
19661,2,2
415,0,0
16877,2,2
6474,0,0
11031,0,0
12056,0,0
3573,0,0
9270,0,0
6297,0,0
6678,0,0
7119,0,0
14072,1,1
23505,1,1
8338,1,1
6416,0,0
9448,1,0
908,0,0
9382,1,0
4526,0,0
5014,2,2
1800,0,0
23201,1,1
17976,1,1
12855,1,1
10048,1,1
8468,0,0
1072,1,0
10789,0,0
6702,0,0
16259,2,2
5274,0,0
10837,0,0
9394,1,1
14046,1,1
21353,2,2
11425,0,0
19282,2,2
17171,2,2
20920,2,2
4775,2,2
6220,2,2
7801,0,0
20276,1,1
17837,2,2
8350,1,1
16822,2,1
12028,0,0
19121,2,2
15176,1,1
512,0,0
13032,1,1
20474,1,1
14277,1,1
10125,0,1
19652,1,1
22406,1,1
10493,0,0
12012,0,0
7866,0,0
5278,2,2
5844,0,0
7222,2,2
2466,0,0
12044,0,0
16034,1,1
4480,2,0
18146,1,1
11993,0,0
5681,2,2
20511,1,2
18905,2,2
17828,1,1
11835,0,0
21331,1,1
12506,0,0
13880,1,1
16051,1,1
5745,0,0
3957,0,0
17136,1,1
22031,1,1
11643,0,0
1232,0,0
12335,0,0
11502,0,0
15637,1,1
9571,0,0
4254,0,0
8886,0,0
5039,2,2
15870,1,1
21318,1,1
2205,0,0
11112,0,0
20411,2,2
64,1,1
8133,0,0
20789,2,2
4079,2,2
6625,0,0
23317,1,1
13459,1,1
18047,2,2
16399,1,1
10263,0,0
20822,1,1
15821,2,2
12518,0,0
11780,0,0
15968,1,1
15466,2,1
23745,1,1
15238,2,2
24472,1,1
19188,1,1
19426,2,2
17124,1,1
7545,0,0
18949,1,1
7586,0,0
21245,2,2
2033,0,0
8912,0,0
20391,1,1
10392,0,0
14477,2,2
2421,0,0
7952,0,0
16471,1,1
4585,0,0
11414,0,0
10925,0,0
12304,0,0
18946,2,2
2737,0,0
16080,1,1
1572,0,0
10522,0,0
22559,1,1
22787,1,1
957,0,0
9054,0,0
24226,1,1
12236,0,0
20142,1,1
9562,1,1
20015,2,2
12414,0,0
13379,2,2
2963,0,0
3089,0,0
7554,0,0
15061,1,1
1089,0,1
22632,1,1
15182,1,1
17489,2,2
15118,2,2
22997,1,1
17118,1,1
4364,0,0
731,1,1
2641,0,0
977,1,1
21579,1,1
10688,0,0
5749,0,0
8988,0,0
1597,0,0
3337,0,0
14746,2,2
14451,1,1
560,0,0
1774,1,0
1140,0,0
20346,1,1
13708,2,2
1726,1,1
15865,1,1
6782,0,0
8999,1,1
2853,0,0
18439,1,1
14435,2,2
4670,0,0
19797,1,1
9857,1,1
17375,2,2
16626,1,1
11504,0,0
21309,1,1
23657,1,1
6039,0,0
3647,2,2
16963,1,1
787,0,0
22780,1,1
14946,1,1
5201,2,2
18991,1,1
13204,2,2
2092,0,0
18057,1,1
13487,2,2
14859,1,1
20244,1,1
21401,2,2
7728,0,0
4742,0,0
23528,1,1
222,0,0
3806,0,0
20887,1,1
15752,1,1
2583,0,0
17493,1,1
19140,1,1
9917,1,1
9638,0,0
7025,2,2
7212,0,0
14258,1,1
1582,1,0
22042,1,1
15978,1,1
11099,0,0
19655,2,2
9272,0,0
18231,1,2
22770,1,1
11991,0,0
11912,0,0
7954,2,0
1985,0,0
14145,1,1
5373,0,2
20331,1,1
11689,0,0
12997,1,1
12676,2,2
998,0,0
14196,1,1
23353,1,1
20682,1,1
7906,2,2
12116,0,0
18423,1,1
12228,0,0
4471,0,0
5058,0,0
9333,0,1
241,0,0
18718,2,2
22772,1,1
9790,1,1
17535,1,1
19396,2,2
9740,0,0
23319,1,1
10398,0,0
7368,0,0
16704,1,1
2596,0,0
3165,0,0
20624,1,1
12306,0,0
1520,0,0
10014,0,0
18002,1,1
10639,0,0
4570,2,2
2545,0,0
17175,1,1
20891,2,2
4130,0,0
15784,2,1
18435,1,1
23521,1,1
8105,1,1
5344,2,0
12970,2,2
24182,1,1
405,0,0
23169,1,1
21493,1,1
19863,1,2
2192,0,0
20632,2,1
2053,0,0
14127,1,2
5527,0,0
12765,1,1
20550,1,1
21531,1,1
7407,0,0
24103,1,1
14842,2,2
18413,2,2
3345,0,0
11411,0,0
19506,1,1
9775,0,0
6789,0,0
6963,0,0
23185,1,1
21259,1,1
1347,0,0
21496,2,2
23183,1,1
17536,2,2
8037,0,0
12266,0,0
15848,1,1
21836,1,1
219,0,1
10444,0,0
5411,2,2
2362,0,0
20323,1,1
23661,1,1
10542,0,0
3662,0,0
4506,0,0
18842,1,1
16669,1,1
24059,1,1
24196,1,1
17807,2,2
13582,2,2
24092,1,1
14235,1,1
8967,0,0
18011,2,2
1765,0,0
16139,2,2
1299,0,0
22414,1,1
18715,1,1
3255,0,0
14718,1,1
15283,1,1
14404,2,1
1033,0,0
3680,0,0
1047,0,0
625,0,0
22519,1,1
21138,1,1
18492,1,1
20790,1,1
77,1,1
10119,0,1
21114,1,1
21295,1,1
2612,0,0
309,0,0
3809,2,2
6389,2,2
19135,1,1
1521,0,0
11539,0,0
8616,0,0
5890,2,2
1103,1,1
13521,1,1
6868,2,2
2704,0,0
3311,0,0
4782,0,0
9504,0,0
17859,1,1
8435,1,1
4610,0,0
8142,0,0
21173,2,2
226,1,1
13872,1,1
2920,0,0
13296,1,1
20955,1,1
4960,2,2
14669,2,2
17702,1,1
7385,2,2
22601,1,1
16758,1,1
3538,0,0
18008,1,1
13735,1,1
6058,2,2
13147,1,1
15335,2,2
20769,1,2
9652,1,1
7498,2,0
22730,1,1
16871,2,2
2459,0,0
1152,0,0
12199,0,0
21609,1,1
3066,0,0
19666,2,1
2402,0,0
6860,0,0
15684,1,1
16699,1,1
3377,0,0
11113,0,0
13976,1,1
16062,1,1
4724,0,0
18117,1,1
2238,0,0
4094,0,0
4485,0,0
12138,0,0
15811,1,1
17346,1,1
19974,1,1
11006,0,0
22398,1,1
23512,1,1
16693,1,1
4029,0,0
17036,1,1
12474,0,0
5412,0,0
10944,0,0
17605,1,1
18689,2,2
15152,1,1
21574,2,1
1281,0,1
8499,0,0
16837,1,1
11494,0,0
4688,0,0
19593,1,1
8384,0,0
12799,1,1
19763,2,2
8286,0,0
15602,1,1
2376,0,0
9856,1,0
24001,1,1
13989,1,1
8992,1,0
21150,1,1
13996,2,2
15078,1,1
2333,0,0
23683,1,1
20264,1,1
9403,0,0
16319,2,2
24308,1,1
17777,2,2
19146,1,1
2631,0,0
11046,0,0
10950,0,0
4405,0,0
24075,1,1
2578,0,0
1531,0,0
6600,0,0
12495,0,0
17549,2,2
9939,0,0
9154,1,1
5462,0,0
17102,1,1
6468,0,0
10475,0,0
11583,0,0
6555,0,0
12468,0,0
23352,1,1
4641,0,0
8216,0,0
14426,1,1
11255,0,0
19429,1,1
14688,1,1
24074,1,1
23916,1,1
7656,0,0
13265,2,2
10717,0,0
18425,2,2
12820,2,2
21299,2,2
3917,2,2
9472,1,1
1621,0,0
11186,0,0
23221,1,1
24446,1,1
21765,1,1
2451,0,0
24115,1,1
9892,1,1
18868,2,2
10446,0,0
21470,1,1
1448,0,0
22081,1,1
20756,1,1
5998,2,2
9301,0,0
17921,2,2
20085,1,1
9438,0,0
18155,2,2
4761,0,0
11275,0,0
11369,0,0
19148,1,1
6680,0,0
2098,0,0
22827,1,1
17959,1,1
13871,2,2
13817,2,2
4112,0,0
13342,2,1
10170,0,0
3171,0,0
283,0,0
8803,0,0
23291,1,1
24338,1,1
1158,0,0
5224,2,2
17632,2,2
8567,1,1
16574,1,1
2635,0,0
18159,1,1
4024,2,0
4117,0,0
11056,0,0
21445,1,1
21100,2,2
13519,1,1
10930,0,0
14186,1,1
1934,0,0
23874,1,1
24326,1,1
5361,0,0
12601,1,1
11666,0,0
11618,0,0
24089,1,1
11309,0,0
115,0,0
18200,1,1
8480,0,0
12825,1,1
15116,1,1
16964,1,1
6426,0,0
5295,0,0
3109,0,0
21838,1,1
8063,2,2
13793,2,2
16460,1,1
11381,0,0
23679,1,1
22180,1,1
23595,1,1
12965,2,2
14704,2,1
21398,1,1
4468,2,2
8395,0,0
21431,2,2
12133,0,0
22227,1,1
2523,0,0
18712,2,1
17847,1,1
2182,0,0
17813,2,2
14360,1,1
172,1,1
11855,0,0
12195,0,0
10559,0,0
22490,1,1
9833,1,1
8443,0,0
6575,2,2
2325,0,0
1650,0,0
16317,1,1
14291,2,2
16775,2,2
3731,2,2
19381,1,1
6567,0,0
1925,0,0
24367,1,1
13046,1,1
6978,0,0
8947,0,0
11527,0,0
10563,0,0
7874,0,0
7262,0,0
23331,1,1
12046,0,0
9056,0,0
5832,0,0
9123,0,0
6193,0,0
7509,0,0
5459,2,2
1223,1,1
16620,1,1
12459,0,0
7047,0,2
9770,0,0
12786,1,1
7982,0,0
2359,0,0
9944,0,0
24086,1,1
18054,1,1
16827,1,1
13067,2,2
15036,1,1
24142,1,1
1046,0,0
13971,1,1
18013,1,1
20587,1,1
7611,0,0
9215,1,1
9569,1,1
7440,0,0
10904,0,0
22008,1,1
21913,1,1
3409,0,0
2047,0,0
15808,2,1
3199,0,0
6518,0,0
12158,0,0
16427,2,2
23868,1,1
20838,1,1
4318,2,0
14390,1,1
15803,2,2
22707,1,1
9066,0,0
17881,1,1
6598,2,2
3300,0,0
10889,0,0
12714,1,1
14042,1,1
16313,2,2
4224,0,0
5135,2,2
17461,1,1
8030,0,0
8867,1,1
20648,1,1
3210,0,0
23054,1,1
16253,2,2
19240,2,2
10411,0,0
21253,1,1
22168,1,1
8578,1,1
7057,0,0
11020,0,0
16988,1,1
4225,0,0
17111,2,2
9862,1,1
24341,1,1
2598,0,0
2123,0,0
23284,1,1
21129,1,1
17716,2,1
1706,0,0
5050,2,2
5120,0,0
22592,1,1
11546,0,0
4766,0,0
11844,0,0
22855,1,1
4101,0,2
287,1,1
14895,1,2
5717,2,2
7341,0,0
12701,2,2
14897,2,2
11214,0,0
22537,1,1
8890,1,1
2841,0,0
20629,1,1
23760,1,1
3854,0,0
7616,0,0
20999,2,2
16389,1,2
20765,2,2
14432,1,1
17108,1,1
2040,0,0
13562,1,1
4152,0,0
21596,1,1
22971,1,1
9839,1,1
1599,0,0
11331,0,0
15205,1,1
8987,1,1
21301,1,1
18040,2,2
6066,0,0
20625,1,1
5668,2,2
6,0,0
16849,1,1
9371,1,1
17365,1,1
14589,1,1
19778,1,1
17963,2,2
3384,0,0
8449,0,0
10887,0,0
19573,1,1
20016,1,1
15204,1,1
22670,1,1
22831,1,1
1945,0,0
4467,0,0
5209,0,0
15593,2,2
9899,1,1
31,0,0
4910,0,0
5021,2,2
381,0,0
108,0,0
12001,0,0
9130,1,1
11457,0,0
3755,2,2
17896,2,2
17578,2,2
956,0,0
22245,1,1
19386,1,1
23884,1,1
7427,2,2
11517,0,0
19914,1,1
24515,1,1
10350,0,0
3469,0,0
3995,2,2
24149,1,1
21447,1,1
12646,2,2
14352,1,1
3664,2,2
18098,1,1
20858,1,1
24008,1,1
12086,0,0
11875,0,0
8061,0,0
11328,0,0
5675,2,2
5904,0,0
21115,1,1
9830,0,0
12343,0,0
19616,1,1
10667,0,0
13946,1,1
5719,0,0
386,0,0
14076,1,1
2453,0,0
16716,1,1
24229,1,1
3391,0,0
11156,0,0
4812,0,0
11938,0,0
14205,1,1
3243,0,0
623,1,1
18366,1,1
4158,0,0
11404,0,0
11241,0,0
10832,0,0
17634,1,1
9752,0,0
23821,1,1
19364,1,1
20710,2,2
19179,1,2
19373,2,2
19820,1,1
9013,0,0
11679,0,0
6274,2,2
16890,1,1
3277,0,0
993,0,0
10670,0,0
21780,1,1
6841,0,0
2836,0,0
10995,0,0
23833,1,1
9027,0,0
3139,0,0
22247,1,1
10088,0,0
3332,0,0
3678,0,0
8234,0,0
4038,0,0
1170,0,0
1088,0,0
19293,1,1
24216,1,1
8252,0,0
9646,1,1
1522,1,1
20829,1,1
5777,2,2
13086,1,1
6083,2,2
17977,1,1
3536,0,0
24000,1,1
348,0,0
1874,0,0
8977,0,0
13445,2,2
12405,0,0
19696,2,2
6169,0,0
5493,0,2
13804,2,2
1176,0,0
14647,1,1
21201,1,2
14625,1,2
21158,1,1
5183,2,2
14913,1,1
19703,2,2
23506,1,1
11402,0,0
9845,1,1
10652,0,0
17988,1,1
7638,0,0
4842,0,0
19428,1,1
6291,0,0
22306,1,1
8740,1,1
3732,0,0
2584,0,0
21321,1,1
17248,2,2
1442,0,0
17639,2,2
858,0,0
20206,2,2
17532,1,1
22802,1,1
13531,1,1
9481,0,0
11126,0,0
19004,1,1
722,0,0
12166,0,0
5693,2,2
5009,2,2
5916,0,0
7394,0,0
16296,1,1
18682,2,2
2809,0,0
6187,0,0
19317,1,2
6007,0,0
17832,1,1
16746,1,1
7582,2,2
15045,1,1
3786,0,0
12892,2,2
4192,2,0
2760,0,0
13197,1,2
4227,0,0
15146,1,1
8200,1,0
23321,1,1
11657,0,0
1931,0,0
11178,0,0
5448,0,0
4527,0,0
9610,1,1
5565,0,0
19161,1,2
8076,0,0
8271,0,0
20324,1,1
1940,0,0
2557,0,0
16261,1,1
354,0,0
3496,0,0
11008,0,0
22427,1,1
6599,2,2
24401,1,1
17043,1,2
7211,2,2
23856,1,1
18508,2,1
19916,1,1
3467,0,0
17981,2,2
6956,0,0
11630,0,0
22884,1,1
12901,1,1
3099,0,0
17749,1,1
21390,1,1
17277,1,1
17261,2,2
5951,2,2
13194,1,1
15489,1,1
17000,1,1
19961,2,2
19022,1,1
11680,0,0
9428,0,0
9172,1,1
12749,2,2
461,1,1
24510,1,1
15308,1,1
4423,0,0
21837,1,1
7377,0,2
22076,1,1
1780,1,0
20554,2,1
14601,1,1
24291,1,1
8922,0,0
805,0,0
4669,0,0
5506,2,2
22006,1,1
2794,0,0
21981,1,1
24552,1,1
23805,1,1
873,0,0
4965,0,0
6932,0,0
24014,1,1
8795,1,1
5618,0,0
16225,1,1
1350,0,0
5778,0,0
15772,2,2
4302,0,0
2630,0,0
19839,1,1
10578,0,0
9486,0,0
1236,0,0
16082,1,1
15793,1,1
20564,1,1
15754,2,2
23000,1,1
19957,1,1
19685,2,2
7871,2,2
9205,0,0
421,0,0
17589,1,2
12200,0,0
15818,1,1
12055,0,0
13386,1,1
3430,0,0
12525,0,0
15595,1,1
8447,1,1
15128,1,1
10675,0,0
3137,0,0
15765,1,1
9337,0,0
18961,1,1
5490,0,0
4514,0,0
17893,1,1
20860,2,1
10289,1,1
20398,2,2
19376,1,1
4895,2,2
23462,1,1
17278,2,2
3154,0,0
1385,1,1
19578,1,1
18006,1,1
8451,0,0
12040,0,0
14175,1,1
8410,1,0
13384,2,1
4955,2,2
24410,1,1
22832,1,1
6909,0,0
18852,1,1
10852,0,0
3024,0,0
157,0,0
469,0,0
12644,1,1
24119,1,1
14418,1,1
10674,0,0
9049,0,0
19627,1,1
18465,1,1
8642,0,0
208,1,0
1636,1,1
18487,1,1
1335,0,0
40,1,1
4065,0,2
4663,0,0
2340,0,0
12084,0,0
211,0,0
4298,0,0
9460,1,1
22117,1,1
9506,0,0
22363,1,1
22536,1,1
7800,0,0
752,0,0
12773,2,2
21238,2,2
8804,0,0
7566,0,0
20897,2,2
11257,0,0
5735,2,2
3545,0,0
22191,1,1
21454,2,1
18615,1,1
302,0,0
9751,0,0
15642,1,1
22058,1,1
10491,0,0
12835,1,1
21761,1,1
23013,1,1
18979,1,1
12911,2,2
17194,2,1
13366,2,2
12574,0,0
15255,1,1
17824,2,2
3234,0,0
16387,1,1
20125,1,1
18896,1,1
11465,0,0
2922,0,0
373,0,0
7934,0,0
1433,1,1
3228,0,0
15311,2,2
24206,1,1
5245,0,0
6898,2,2
19138,2,2
9732,0,0
2002,0,0
4426,2,0
20571,1,1
16623,1,1
9720,0,0
10281,0,1
2818,0,0
20505,1,1
6739,0,0
4980,0,0
13467,1,1
16780,2,2
16732,2,1
12724,2,1
1247,1,1
20478,1,1
4988,0,0
10035,0,1
17583,1,1
3521,0,0
976,1,1
11251,0,0
12570,0,0
12057,0,0
23791,1,1
10152,0,0
13553,2,2
24100,1,1
280,1,1
6335,2,2
9393,0,0
12907,1,1
5367,0,2
13786,2,1
8675,1,1
9995,1,1
19328,1,1
11624,0,0
7563,0,0
18448,2,2
21157,1,1
8282,0,0
14213,2,2
7311,0,0
21550,2,2
12042,0,0
16909,1,1
9801,0,1
2222,0,0
11726,0,0
34,1,1
4851,0,0
13950,1,1
9142,1,1
5550,0,0
9508,1,1
1806,0,0
15828,1,1
15739,1,1
21562,2,2
19230,1,1
12585,0,0
8446,1,0
15306,1,1
5313,0,0
17393,2,2
7536,0,0
23004,1,1
596,0,0
6522,0,0
17099,2,2
19718,1,1
19497,1,2
5154,0,0
9063,0,0
12368,0,0
1618,1,1
24450,1,1
8629,0,0
4912,2,2
23607,1,1
12645,1,1
6570,0,0
1888,0,0
18303,1,2
12804,1,1
19634,1,1
4013,2,2
22819,1,1
14359,1,1
21068,1,1
7267,0,0
1538,0,0
16351,1,1
17153,2,2
12082,0,0
11064,0,0
18729,1,2
20260,2,1
6422,0,0
13301,2,2
5366,0,0
11629,0,0
24379,1,1
13348,2,2
20293,1,1
9832,1,1
16474,2,1
17568,1,1
17534,1,1
7159,0,0
12024,0,0
60,0,0
14098,2,2
14208,1,1
16068,1,1
19805,2,2
4828,2,2
22294,1,1
20676,1,1
607,0,0
23617,1,1
12310,0,0
19488,1,1
20902,2,2
10732,0,0
1109,1,1
14551,1,1
20830,2,2
3581,0,0
4159,0,0
5437,0,0
5159,2,2
18655,1,1
23409,1,1
7321,0,0
21861,1,1
15763,1,1
16320,1,1
9736,1,1
11772,0,0
23919,1,1
14066,1,1
9781,0,0
5160,0,0
1260,0,0
119,1,1
17641,1,1
18247,1,1
6063,0,0
1372,1,1
5336,0,0
9085,0,0
16350,1,1
7604,0,0
5948,0,0
13670,1,1
7457,2,2
506,0,0
6136,2,2
7466,0,0
2568,0,0
21784,1,1
7783,0,0
3404,0,0
22762,1,1
15800,1,1
20233,1,1
19881,1,1
15698,1,1
15281,2,2
1460,0,0
23645,1,1
11004,0,0
21525,1,1
21222,1,1
17553,1,1
12877,1,1
16287,1,1
12174,0,0
15878,1,1
24364,1,1
17249,2,2
20987,2,2
14758,2,2
21045,1,1
11779,0,0
8166,0,0
8541,0,0
8489,1,1
10581,0,0
7079,2,2
112,1,1
15266,1,1
18551,2,2
14121,1,2
12813,1,1
3306,0,0
18745,1,1
11188,0,0
7139,2,2
22736,1,1
3942,0,0
7504,2,0
7773,0,2
5700,0,0
17366,1,1
14298,1,1
14591,2,2
14368,2,2
2410,0,0
11715,0,0
19227,1,2
12403,0,0
18695,2,2
9800,0,0
9110,0,0
2947,0,0
8602,1,1
14633,2,2
9083,1,1
12352,0,0
12438,0,0
11049,0,0
2624,0,0
24042,1,1
5956,2,2
475,0,0
8241,0,1
18442,2,1
19291,1,1
427,0,0
4693,0,0
17147,2,2
14441,2,2
23289,1,1
8660,0,0
304,1,1
3518,0,0
13346,1,1
3766,2,0
8607,0,0
16831,1,1
16286,1,1
15114,1,1
1565,1,1
19958,1,1
7522,2,0
15965,2,2
14579,2,2
12772,2,2
10163,1,1
6761,2,2
14665,1,1
15726,1,1
3415,0,0
2122,0,0
21930,1,1
22432,1,1
9777,0,0
15910,2,2
1252,1,1
20387,2,2
7511,2,2
10992,0,0
12397,0,0
24222,1,1
5035,0,0
23543,1,1
7100,0,0
2412,0,0
2115,0,0
13135,1,1
5318,0,0
24305,1,1
3436,0,0
3487,0,0
23967,1,1
18065,2,2
19305,1,1
16961,2,2
18529,1,1
1527,0,0
10386,0,0
10361,0,0
6926,0,0
9220,1,1
16187,2,2
11830,0,0
2877,0,0
17862,1,1
10901,0,0
13132,2,1
3944,0,0
2262,0,0
22628,1,1
7453,0,0
22975,1,1
23282,1,1
633,0,0
22190,1,1
9018,0,0
10896,0,0
10190,0,0
19067,2,2
18599,2,2
12540,0,0
11151,0,0
16953,1,1
14320,2,2
14440,2,1
4435,0,0
15317,2,2
20064,1,1
4478,0,0
8698,1,0
5291,2,2
10739,0,0
6293,2,2
15112,2,2
19504,2,2
9787,0,0
20861,2,2
6643,0,0
21448,2,2
21130,2,2
20501,2,2
20077,1,1
8877,0,0
21679,1,1
6548,0,0
4909,0,0
10655,0,0
8412,0,0
6892,2,2
23786,1,1
23509,1,1
12805,1,1
4919,2,2
1747,0,0
1231,0,0
2183,0,0
16407,1,1
1709,1,1
8654,0,0
17576,1,1
3001,0,0
2280,0,0
9353,1,1
4174,2,0
7833,0,0
17860,2,2
24280,1,1
1975,0,0
16329,1,1
1620,0,0
6711,0,0
22473,1,1
23858,1,1
1182,0,0
21437,2,2
15161,2,2
23550,1,1
2950,0,0
515,1,1
8889,0,0
8784,0,0
12753,1,1
21402,1,1
21091,1,1
3408,0,0
8724,0,0
9112,1,1
5279,2,2
18685,1,1
24044,1,1
2483,0,0
4578,0,0
19725,1,1
24006,1,1
16700,1,1
8245,0,0
2090,0,0
1555,0,0
15012,1,1
11116,0,0
2959,0,0
1027,0,0
19880,1,1
18267,1,1
19930,2,2
2758,0,0
6823,0,0
12816,1,1
7492,2,0
1043,1,1
10917,0,0
6204,0,0
8153,1,1
17367,1,2
15415,1,1
11429,0,0
22183,1,1
18541,1,1
6954,0,0
15350,1,1
696,0,0
4931,2,2
22033,1,1
6971,2,2
9887,1,1
18998,1,1
7612,2,2
22138,1,1
3294,0,0
23132,1,1
8380,1,1
2493,0,0
22785,1,1
14885,2,2
9606,0,0
6617,2,2
16410,1,1
6086,0,0
14544,1,1
17912,1,1
6023,2,2
21279,1,1
6516,0,0
13889,2,2
989,1,1
9539,1,1
5149,0,0
1593,0,0
18951,1,1
10750,0,0
7349,2,2
3606,0,0
3672,0,0
3342,0,0
5981,2,2
2285,0,0
6901,0,0
19380,1,1
1478,0,0
10706,0,0
8000,0,0
15969,1,1
17584,2,2
3057,0,0
19543,1,1
17952,1,1
5860,2,2
3634,2,0
9707,1,1
11857,0,0
10531,0,0
3928,2,0
4275,0,0
8566,1,0
19938,1,1
17805,1,1
24579,1,1
19058,1,1
17735,2,2
15921,1,1
9440,0,0
3887,2,2
14274,1,1
17782,2,2
4452,0,0
12323,0,0
10182,0,0
7987,0,0
19565,2,2
22204,1,1
13125,1,1
21484,2,2
8111,1,1
1905,0,0
14206,2,2
22328,1,1
12318,0,0
1775,1,1
17009,2,2
19105,1,1
13040,1,1
7731,0,2
8785,0,0
8794,1,0
4549,0,0
24485,1,1
22967,1,1
7494,0,0
16041,1,2
15372,1,1
12128,0,0
8963,1,1
17323,1,1
19602,1,1
14094,1,1
15032,1,1
7014,0,0
911,1,1
10647,0,0
20289,1,1
14765,2,2
8224,1,1
21869,1,1
17474,1,1
1444,1,1
19459,1,1
3179,0,0
2529,0,0
18530,1,1
15872,1,1
7413,0,0
19524,1,1
17357,2,2
6803,2,2
20707,1,1
18557,2,2
15233,2,2
21136,2,2
8011,0,0
23308,1,1
9222,0,0
346,1,1
2450,0,0
21276,1,1
20147,2,2
4548,0,0
14817,1,1
17011,1,1
14029,1,1
15386,1,1
3936,0,0
17247,1,1
1479,0,0
8927,1,1
16103,2,2
17225,2,2
19233,1,1
20926,2,2
19972,2,2
13258,2,2
3904,2,0
11953,0,0
6410,0,0
9052,1,1
6790,2,2
17675,2,2
16522,2,2
16095,1,2
21206,1,1
18879,1,1
22391,1,1
8750,0,0
3094,0,0
20386,2,2
6439,0,0
21185,2,2
10850,0,0
19103,2,2
4743,0,0
4597,0,0
11010,0,0
9825,0,1
8914,1,0
19785,1,1
10807,0,0
13676,1,1
4634,0,0
2966,0,0
24046,1,1
15183,1,1
22442,1,1
12687,1,2
16762,2,2
192,0,0
1803,0,0
13347,1,1
9233,1,1
6607,0,0
15778,2,1
23610,1,1
15201,1,1
13701,1,2
24054,1,1
22872,1,1
10465,0,0
15644,1,1
3372,0,0
2648,0,0
8744,0,0
22210,1,1
17206,2,2
887,1,1
17879,2,2
4496,0,0
24077,1,1
20440,2,2
20515,1,1
11481,0,0
19883,2,2
22209,1,1
21788,1,1
6893,2,2
20644,2,2
8721,0,0
7158,0,0
22023,1,1
20923,1,1
8298,0,0
22995,1,1
2138,0,0
18056,1,1
20968,2,1
22404,1,1
16497,1,1
5397,0,0
20545,1,1
9206,0,0
14338,2,2
2082,0,0
5763,0,0
1482,0,0
495,0,1
2957,0,0
5894,0,0
14252,1,1
6092,0,0
6383,2,2
10335,0,0
16249,1,1
13958,1,1
994,1,1
10558,0,0
5727,0,0
18453,1,1
12430,0,0
18369,1,1
20315,2,2
3929,2,2
6190,2,2
22388,1,1
7921,0,0
17134,2,2
9217,0,0
3437,0,0
17577,1,2
9419,1,1
22063,1,1
18308,1,1
13724,1,1
23411,1,1
19997,2,2
3092,0,0
2305,0,0
23599,1,1
19407,1,1
1470,0,0
14191,1,1
21209,2,2
6282,0,0
20459,2,2
16188,1,1
217,0,0
4273,0,0
20494,2,2
8656,1,1
9960,0,0
13525,1,1
10075,0,0
19687,1,1
19299,1,2
22356,1,1
21623,1,1
10603,0,0
14141,2,2
10010,0,0
17701,1,1
23729,1,1
18790,2,2
19252,2,1
22529,1,1
2663,0,0
6562,2,0
20708,1,1
2434,0,0
8893,0,0
14785,1,1
13425,1,1
14022,1,1
20275,1,1
12208,0,0
8127,0,1
12930,1,1
4420,2,2
18675,1,1
6669,0,2
6270,0,0
1863,0,0
19267,1,1
23922,1,1
24448,1,1
20582,1,1
16567,1,1
19576,2,1
1865,0,0
22958,1,1
4113,0,0
13279,1,1
5355,0,0
13310,1,1
21595,1,1
13308,1,1
14459,2,2
18540,1,1
131,1,1
4623,0,0
14774,1,1
2361,0,0
6373,0,0
17527,1,1
7342,2,2
23601,1,1
2801,0,0
6521,2,2
17544,1,1
15620,1,1
2993,0,0
15221,2,2
10553,0,0
3707,2,2
23546,1,1
17055,1,1
11570,0,0
900,0,0
17717,2,2
9439,0,0
10910,0,0
2158,0,0
16885,1,1
4789,0,0
7188,0,0
23390,1,1
6323,2,2
9025,0,0
14562,1,1
11269,0,0
4600,2,0
14343,1,1
24546,1,1
2443,0,0
2534,0,0
17154,1,1
9248,0,0
22516,1,1
3026,0,0
7219,0,0
3435,0,0
3921,0,2
9934,1,0
23609,1,1
9632,0,0
18106,2,1
23973,1,1
19308,1,1
22816,1,1
13164,1,1
8126,0,0
7870,2,2
13257,1,1
13044,1,1
16234,2,2
11818,0,0
4375,0,0
12322,0,0
8943,0,1
21995,1,1
8092,1,2
546,0,0
12144,0,0
10659,0,0
6365,2,2
17880,1,1
14724,1,1
9910,1,1
7315,0,0
8405,1,1
11569,0,0
20766,1,1
11804,0,0
8584,1,0
23979,1,1
23342,1,1
9533,1,1
14900,1,1
7463,2,2
3721,0,0
11368,0,0
13831,1,1
9211,0,0
1872,0,0
7602,0,0
14797,1,1
19801,1,1
22345,1,1
19996,2,2
7691,2,2
9409,0,0
796,1,0
6345,0,0
21283,1,1
2929,0,0
8467,0,0
24525,1,1
23893,1,1
20292,1,1
14189,2,2
96,0,0
11344,0,0
12029,0,0
12809,2,2
7698,0,0
9306,0,0
20058,1,1
19312,2,2
18547,1,1
18264,1,1
3031,0,0
2934,0,0
18405,1,1
2242,0,0
950,0,0
23513,1,1
6824,0,0
9023,1,1
6559,0,0
18962,1,1
13991,2,2
14265,1,1
1864,0,0
12275,0,0
20772,1,1
15683,2,2
10124,0,0
15392,1,1
15120,1,1
3136,0,0
19,0,0
19540,2,1
7785,0,0
15299,2,2
23731,1,1
1168,1,0
17588,1,1
6798,0,0
15236,1,1
5785,0,0
13400,1,1
2595,0,0
683,1,1
5955,0,0
8818,1,1
5079,0,2
13483,1,1
14006,1,1
4826,0,0
17646,1,1
6579,0,0
1380,0,0
8169,0,0
8165,1,1
18269,2,2
4503,0,2
23142,1,1
5640,0,0
19607,2,2
10921,0,0
17005,1,1
20642,1,1
6804,0,0
5646,0,0
7647,0,2
20336,1,1
13568,1,1
2419,0,0
1268,0,0
17949,1,1
14805,1,1
5760,0,0
13409,2,2
19590,1,1
15497,2,2
16412,1,1
23072,1,1
22269,1,1
12717,1,1
3654,0,0
20181,1,1
19744,2,2
22918,1,1
19237,1,1
4545,0,0
23670,1,1
14980,2,2
9046,1,1
13441,1,1
7577,2,2
7361,2,2
20574,1,1
116,0,0
18210,1,1
15549,1,1
12567,0,0
12176,0,0
140,0,0
24304,1,1
22520,1,1
22150,1,1
10970,0,0
16038,1,1
1545,0,0
1322,0,0
24511,1,1
6355,0,0
13982,1,1
21883,1,1
5656,2,0
19641,1,1
11349,0,0
1682,0,0
16583,2,2
19595,2,2
1830,0,0
18459,1,2
17573,2,2
2887,0,0
4716,0,0
4244,0,0
19423,1,1
16133,2,2
23456,1,1
6454,2,0
4660,2,2
748,1,1
18418,2,2
16502,1,1
8266,1,0
9813,0,0
17668,2,1
2119,0,0
14065,1,1
23507,1,1
11167,0,0
12145,0,0
19633,1,1
17941,1,1
11962,0,0
4786,2,2
5840,0,0
7072,2,2
18646,2,2
23334,1,1
20500,2,2
18950,1,1
4587,0,0
16507,1,1
20546,1,1
10704,0,0
7725,0,2
15186,1,1
20865,1,1
4942,2,2
21916,1,1
6944,0,0
8677,0,0
9609,0,0
18380,1,1
18309,1,2
16554,1,1
24350,1,1
18225,1,2
1233,0,1
16789,1,1
24139,1,1
10425,0,0
23713,1,1
20909,2,2
18462,1,1
11361,0,0
3366,0,0
22130,1,1
1399,0,0
23529,1,1
6251,2,2
20914,2,2
19409,2,2
245,1,1
14480,1,1
18288,1,1
19995,1,1
7340,0,0
20321,2,2
18242,1,1
9338,0,0
1397,1,1
12467,0,0
18974,1,1
24,0,0
990,0,0
13232,1,1
7132,2,2
23517,1,1
23258,1,1
8954,0,0
17445,1,1
11485,0,0
17792,1,1
6675,0,0
6815,2,2
23647,1,1
20357,2,2
10151,1,1
13404,1,1
6161,2,2
10990,0,0
12332,0,0
15123,1,1
11581,0,0
21882,1,1
22753,1,1
18094,2,1
9888,0,0
3197,0,0
2144,0,0
24458,1,1
24393,1,1
17174,1,1
23403,1,1
2165,0,0
21810,1,1
11245,0,0
10878,0,0
18641,2,2
24220,1,1
6111,0,2
12441,0,0
24207,1,1
1464,0,0
5802,0,0
13163,2,2
14446,2,1
23117,1,1
6546,0,0
18273,1,2
2397,0,0
10535,0,0
16516,2,2
10239,0,1
21416,1,1
18063,1,1
18581,2,2
16185,1,1
3235,0,0
17551,1,1
2778,0,0
543,0,1
3784,2,2
7273,0,0
188,0,0
782,0,0
3962,0,0
7461,0,0
1132,1,1
21064,2,2
21010,2,2
16878,1,1
13834,2,2
17451,1,2
3454,0,0
13062,1,1
19798,2,2
3406,0,0
23305,1,1
8526,0,0
3946,2,0
10661,0,0
20456,1,1
7767,0,0
10100,0,0
3067,0,0
5627,2,2
16730,1,1
19514,1,1
817,0,0
13414,2,2
1342,1,1
7594,2,2
11815,0,0
18620,1,1
21758,1,1
8729,1,1
12054,0,0
2788,0,0
13033,1,1
2757,0,0
22957,1,1
9310,1,1
14271,1,1
22140,1,1
3588,0,0
19790,1,1
1483,0,0
23812,1,1
13517,2,2
13172,1,1
22384,1,1
6313,0,0
4711,0,0
19414,2,2
9749,1,1
20427,1,1
9645,0,1
6307,0,0
19836,1,1
947,1,1
19463,2,2
17122,2,1
20061,1,1
9572,0,0
959,1,1
133,0,0
21266,1,1
22089,1,1
22821,1,1
9805,0,0
11725,0,0
11453,0,0
7045,0,0
10213,0,0
20426,1,1
7808,0,0
22237,1,1
21972,1,1
16495,1,1
2548,0,0
2601,0,0
23764,1,1
21520,2,2
3916,2,2
2625,0,0
9816,0,0
4644,0,0
17858,1,1
4282,2,0
1161,0,0
21486,1,1
1624,1,0
9280,1,1
12685,1,1
9081,0,0
21272,1,1
5635,0,0
3428,0,0
6513,0,0
24416,1,1
16711,1,1
9060,0,0
4650,0,0
6240,0,0
22278,1,1
3127,0,0
21637,1,1
13239,1,2
14193,1,1
17699,2,2
20447,2,2
20547,1,1
6104,0,0
12882,1,1
19769,2,2
2424,0,0
7500,0,0
6442,2,2
11946,0,0
12662,1,1
11837,0,0
16004,1,1
12080,0,0
19918,2,2
81,0,0
4857,0,0
17045,2,2
15842,1,1
13336,2,2
12520,0,0
1686,0,0
395,1,1
3380,0,0
323,1,1
12629,2,2
19636,2,1
18952,2,2
17802,1,1
5812,2,2
2279,0,0
14598,1,1
6602,0,0
19212,1,1
10585,0,0
5516,0,0
24192,1,1
11417,0,0
5634,0,0
15481,1,1
15692,1,1
8003,2,2
16337,2,2
4795,0,0
20907,1,1
12118,0,0
8788,1,0
13407,1,1
9598,1,0
20506,2,2
21220,2,2
23511,1,1
148,1,1
16628,1,1
1796,0,0
11731,0,0
21485,2,2
12770,1,1
19508,1,1
23257,1,1
13751,2,2
6461,2,2
1293,0,0
18501,1,1
10424,0,0
5346,0,0
15234,1,1
21244,2,1
1615,0,0
9143,1,1
22996,1,1
7747,0,0
21914,1,1
13287,1,2
10968,0,0
15964,2,2
14969,2,2
9502,1,1
8974,1,1
11510,0,0
15142,2,1
17947,1,1
13595,2,2
6788,0,0
15356,1,1
7192,2,0
16870,2,2
7717,0,0
15105,1,1
1854,0,0
15730,2,1
22657,1,1
3768,0,0
9961,0,0
8902,1,0
23421,1,1
2558,0,0
6018,0,0
13447,1,1
9010,1,0
1504,1,1
23138,1,1
24553,1,1
9411,0,0
3142,0,0
22738,1,1
11413,0,0
1974,0,0
4871,2,2
21180,1,1
22221,1,1
7673,2,2
8015,2,2
20131,1,1
15708,1,1
15809,2,2
21697,1,1
14240,1,1
7184,0,0
12757,1,1
12522,0,0
18585,1,1
16605,1,1
14063,2,2
18882,1,1
7526,0,0
14624,1,1
22355,1,1
7230,0,0
16607,2,2
23834,1,1
21708,1,1
2179,0,0
22289,1,1
5732,0,0
13343,2,2
7918,2,2
8620,1,0
18986,1,1
4464,0,0
2658,0,0
3310,0,0
3143,0,0
5931,0,0
21203,2,2
5545,0,0
2058,0,0
316,1,1
18128,1,1
4674,0,0
8693,1,1
3668,0,0
10334,0,0
14070,1,1
15297,1,1
17093,2,2
22218,1,1
14173,1,1
21241,1,1
23250,1,1
10068,0,0
9097,0,0
14331,1,1
5273,2,2
7945,0,0
13535,2,2
9947,1,1
12713,2,2
11899,0,0
2512,0,0
2859,0,0
6866,0,0
5213,2,2
308,0,0
12219,0,0
11450,0,0
12210,0,0
5241,0,0
22250,1,1
8891,1,1
6040,2,2
1189,0,0
15339,1,2
8757,0,0
23191,1,1
16163,2,2
4611,0,0
2426,0,0
18313,1,1
17330,1,1
4539,0,0
20089,1,1
18421,1,1
6839,2,2
23455,1,1
16020,1,1
18591,1,1
21322,2,2
11074,0,0
21025,1,1
20616,1,1
11226,0,0
4349,2,2
17355,1,1
15866,1,1
711,0,0
2498,0,0
21899,1,1
9002,0,0
2369,0,0
18378,1,1
15759,1,1
17821,1,1
5302,2,2
11532,0,0
8274,0,0
20900,1,1
7094,0,0
16218,1,1
9620,0,0
12869,2,2
10564,0,0
4367,2,2
13695,1,1
1093,0,0
3388,0,0
2372,0,0
15252,1,1
19215,1,2
2007,0,0
18819,1,1
16803,1,1
7941,0,0
9850,1,0
12519,0,0
19730,1,1
4630,2,2
9806,0,0
17918,1,1
1703,1,1
10958,0,0
18007,1,1
7402,2,2
10933,0,0
17885,2,2
17129,2,2
17794,2,2
17385,1,1
4551,0,2
19398,1,1
19039,1,1
19017,1,2
19780,2,1
11080,0,0
7173,0,0
23458,1,1
20927,2,2
16382,1,1
2235,0,0
12155,0,0
23633,1,1
10844,0,0
10027,0,0
13672,2,1
7097,2,2
7265,2,2
7916,0,0
4125,0,0
19546,2,1
14663,2,2
20525,2,2
1592,0,0
6177,0,0
16058,1,1
24251,1,1
5966,0,0
4458,0,0
21251,2,2
22503,1,1
18471,1,1
11250,0,0
14495,2,2
14979,1,1
21410,1,1
8427,0,0
10091,1,1
6585,0,2
23216,1,1
8134,1,1
6903,0,0
9520,1,1
15004,2,1
17708,1,1
18156,1,1
2265,0,0
17512,2,1
1208,0,0
6371,2,2
10456,0,0
19370,1,1
1228,1,1
18316,2,2
1413,0,0
8741,1,1
24265,1,1
21756,1,1
16120,2,2
22722,1,1
8363,1,1
21216,1,1
9495,0,0
22830,1,1
9712,1,1
23955,1,1
18509,2,2
15943,1,1
306,0,0
19201,1,1
18859,1,1
5697,0,0
19421,2,2
17204,1,1
12256,0,0
14198,1,1
1283,1,1
3559,0,0
6036,0,0
6848,0,0
15736,2,1
16290,1,1
1114,1,1
14779,1,1
15587,2,2
12684,1,1
4645,0,0
12048,0,0
11387,0,0
517,0,0
11350,0,0
10192,1,1
18656,1,1
20455,1,1
17910,1,1
4701,0,0
2735,0,0
17406,1,1
20953,1,1
13307,2,2
1506,0,0
14759,2,2
6397,0,0
8048,0,0
19617,1,2
5886,0,0
8540,0,0
9516,0,0
21375,1,2
10053,0,0
19589,2,2
17649,1,1
16151,2,2
15365,2,2
2605,0,0
8574,0,0
23034,1,1
5817,0,0
22804,1,1
20873,2,2
20465,2,2
4528,2,2
12380,0,0
1980,0,0
4617,0,2
18271,1,1
3952,2,2
7325,2,2
9594,0,0
23148,1,1
9676,1,1
1909,0,0
965,1,1
98,0,0
17057,2,2
13921,1,1
15187,1,1
5943,0,0
22893,1,1
9746,0,0
4793,2,2
10218,0,0
11291,0,0
22681,1,1
2932,0,0
3042,0,0
608,0,0
17856,1,1
20779,1,1
11274,0,0
7029,0,0
13108,2,2
13750,2,2
4985,2,2
22525,1,1
13997,2,2
10744,0,0
8065,0,0
13126,2,2
16721,2,2
7312,2,2
18055,1,1
16641,1,1
20964,1,1
6015,0,0
2220,0,0
2177,0,0
11078,0,0
1551,0,0
20852,1,1
5064,0,0
10135,0,0
20051,2,2
18163,1,1
22989,1,1
18801,1,1
12327,0,0
10918,0,0
14711,2,2
1986,0,0
20177,2,2
19717,1,1
17447,2,2
3833,2,2
20476,2,2
16544,1,1
7246,2,2
15886,2,2
5450,0,0
17027,2,2
8333,1,1
20854,2,1
20669,2,2
10054,1,1
15891,1,1
19796,1,1
18792,1,1
2497,0,0
12744,1,1
2277,0,0
3321,0,0
1437,0,1
18138,1,1
5049,0,0
21281,2,2
19281,1,1
145,0,0
16838,1,1
24580,1,1
8348,0,0
8257,0,0
1898,0,0
17811,1,2
14535,1,1
4566,0,0
7669,0,0
17227,1,1
13259,2,2
19170,1,1
12381,0,0
19301,2,2
14423,2,2
5107,0,0
5204,0,0
20050,2,2
12346,0,0
21160,2,1
8291,1,1
14083,1,1
16137,1,1
3671,2,2
7041,0,2
19465,1,1
690,0,0
11858,0,0
4768,2,2
16724,1,1
1755,0,0
19612,2,2
137,1,1
19013,2,2
18788,1,1
17441,2,2
14555,2,2
6634,2,0
8730,0,0
21017,2,2
10359,0,0
21988,1,1
5704,2,2
24083,1,1
4560,0,0
1914,0,0
17756,1,1
22323,1,1
11816,0,0
14931,1,1
2284,0,0
14743,1,1
7686,0,0
12492,0,0
7449,0,2
21369,1,1
19092,1,1
18496,2,2
5197,0,0
7126,2,2
10293,0,0
14194,2,2
761,1,1
15159,1,1
9920,0,0
3899,2,2
3815,2,2
20549,2,2
3009,0,0
2394,0,0
6862,2,2
9575,1,1
5356,2,2
16196,1,1
8843,1,1
803,1,1
11749,0,0
19108,2,2
19470,1,1
9908,0,0
7397,2,2
7447,0,0
1923,0,0
584,0,0
18629,2,2
14312,1,1
2958,0,0
19272,1,1
18381,1,1
22649,1,1
9459,0,0
22069,1,1
7328,0,0
15499,1,1
9265,0,0
17850,1,1
15039,1,2
19209,1,2
18563,2,2
914,0,0
3429,0,0
1633,0,0
4924,2,2
5772,0,0
10156,1,1
842,0,0
20956,2,2
21079,1,1
10395,0,0
10374,0,0
1987,0,0
8083,0,0
3102,0,0
15293,2,2
4673,2,2
14273,2,2
4636,2,2
22322,1,1
13286,1,1
17012,1,1
18404,1,1
19826,1,1
21269,2,2
21347,2,2
18821,2,2
22886,1,1
13678,2,1
23294,1,1
8444,0,0
3331,0,0
4665,0,0
6328,2,2
210,0,0
24221,1,1
16108,2,2
4983,0,0
12782,1,1
12908,1,1
17470,2,2
922,1,1
19031,2,2
21176,1,1
19838,1,1
18669,1,1
10752,0,0
24497,1,1
9810,0,0
21038,1,1
23466,1,1
174,0,0
10498,0,0
17271,1,1
15673,1,1
15049,1,1
8630,0,0
8532,0,0
2079,0,0
11935,0,0
3924,0,0
2671,0,0
18524,1,1
23301,1,1
8355,0,0
9778,1,1
12390,0,0
14398,2,2
8635,0,0
9064,1,1
3145,0,0
784,1,1
19761,1,2
8448,0,0
17310,1,1
13589,2,2
24033,1,1
16147,1,1
16490,1,1
14197,1,1
23530,1,1
1257,0,0
12455,0,0
1431,0,1
12019,0,0
18095,2,2
1374,0,0
24165,1,1
23564,1,1
2234,0,0
22071,1,1
4001,2,2
16379,2,2
22002,1,1
11139,0,0
23041,1,1
23107,1,1
23924,1,1
8135,1,1
2073,0,0
23578,1,1
12130,0,0
2314,0,0
13390,2,2
17351,2,2
23624,1,1
5758,2,0
12248,0,0
4334,0,0
3265,0,0
18679,1,1
18731,2,2
1929,0,0
11204,0,0
15330,1,1
10245,0,0
22177,1,1
13869,1,1
4374,0,0
24461,1,1
2905,0,0
10869,0,0
12891,1,1
11235,0,0
5155,0,0
13652,1,1
554,0,0
7077,0,0
4902,0,0
8715,0,0
6762,0,0
23205,1,1
7343,2,2
5087,2,2
7786,2,2
2239,0,0
16087,1,1
16594,2,2
9140,0,0
15820,2,1
6304,2,0
23066,1,1
16101,1,1
336,0,0
20678,1,1
1289,1,1
7190,0,0
18118,2,2
2494,0,0
5267,2,2
18315,1,1
99,0,0
10977,0,0
4722,0,0
229,0,0
22784,1,1
17519,2,2
19325,2,2
2236,0,0
3318,0,0
6456,0,0
3398,0,0
11681,0,0
2355,0,0
17593,1,1
6411,0,0
16591,1,1
1910,0,0
11044,0,0
24420,1,1
24300,1,1
1330,1,1
18886,2,1
17710,2,2
20651,2,2
20912,1,1
14619,1,1
7221,0,0
14844,1,1
636,0,0
7675,0,0
22894,1,1
22043,1,1
17567,2,2
24215,1,1
12103,0,0
5329,0,0
1811,0,0
23548,1,1
19159,1,1
18279,1,1
20454,1,1
12789,1,1
6395,2,2
24293,1,1
5623,0,0
15080,1,1
1382,0,0
12896,1,1
6542,0,0
20638,2,2
14172,1,1
11671,0,0
6715,0,0
9441,0,0
9643,0,0
19225,1,1
19594,2,2
16279,1,1
15450,1,1
12261,0,0
10366,0,0
6034,2,2
10246,1,1
14476,2,1
15926,1,1
6880,2,2
5643,0,0
15203,2,2
2703,0,0
2313,0,0
4106,0,0
6068,0,0
3851,2,2
21713,1,1
110,0,0
13059,1,2
18807,1,1
24462,1,1
10226,0,0
16023,1,1
11300,0,0
21602,1,1
2803,0,0
20388,1,1
22157,1,1
17176,2,2
16884,1,1
21616,1,1
19153,1,1
3476,0,0
19893,1,2
9492,0,0
22616,1,1
5299,0,0
1574,0,0
1310,0,0
15570,1,1
16597,1,1
3308,0,0
2398,0,0
22946,1,1
14021,2,2
1244,0,0
10734,0,0
20979,1,1
10830,0,0
15284,1,1
19807,1,1
4780,2,2
10854,0,0
16383,1,2
16075,1,1
7948,2,0
18651,1,1
24258,1,1
16559,2,2
21580,2,2
2951,0,0
14266,2,2
13734,1,1
1781,1,1
6693,0,0
23642,1,1
1608,0,0
16378,2,2
20657,2,2
24390,1,1
22059,1,1
7061,2,2
23545,1,1
3059,0,0
22964,1,1
6545,2,2
4476,0,0
16865,2,2
6723,0,0
8663,1,1
879,0,0
4279,0,0
12678,1,1
20404,2,1
6757,0,0
11142,0,0
16480,2,2
4872,0,0
19757,2,2
17761,1,1
15102,1,1
1434,0,0
11012,0,0
16668,1,1
22145,1,1
8038,2,2
17260,2,1
23209,1,1
23461,1,1
6511,0,0
13586,1,1
18290,1,1
7822,2,2
10654,0,0
14363,2,2
18485,2,2
11375,0,0
698,0,0
9264,0,0
22871,1,1
3901,0,0
23927,1,1
10865,0,0
18595,1,1
18493,1,1
19876,2,2
20583,1,1
8465,1,1
22273,1,1
12185,0,0
9080,0,0
6580,2,2
12367,0,0
6740,0,0
1844,0,0
23568,1,1
22732,1,1
7740,0,0
8368,1,1
11598,0,0
13162,2,2
5403,0,2
19478,1,1
4705,0,0
14306,1,1
12491,0,0
10624,0,0
20493,1,1
12983,2,2
14001,1,2
4260,0,0
12849,1,1
3632,0,0
17416,2,2
21254,1,1
18906,1,1
3470,0,0
5286,0,0
14735,2,2
21444,1,1
8702,0,0
22050,1,1
510,0,0
2425,0,0
7805,2,2
6883,0,0
9570,0,0
20686,2,1
259,0,0
205,0,0
6055,0,0
7933,0,0
12152,0,0
23239,1,1
5218,2,2
4739,2,2
12945,1,1
3691,0,0
16875,1,2
14384,1,1
19599,1,2
9863,1,1
11094,0,0
16619,2,2
18847,1,1
13402,2,2
14134,2,2
6491,2,2
6460,2,0
18447,1,1
11640,0,0
5947,0,0
10,1,1
18504,1,1
7802,0,0
12025,0,0
19198,2,2
12558,0,0
7366,2,0
6891,0,0
10300,1,1
14285,2,2
23978,1,1
10227,0,0
16221,1,2
9875,1,1
15412,2,1
4540,2,2
11916,0,0
9878,0,0
10093,0,0
20681,2,2
11573,0,0
3565,0,0
15899,2,2
13242,1,1
2992,0,0
3819,0,2
6637,0,0
19109,2,2
21215,2,2
17767,1,1
230,0,0
2496,0,0
18900,1,1
8098,1,1
16608,1,1
12739,1,1
4391,2,2
8324,0,0
6510,0,0
12667,1,1
19254,1,1
8910,0,0
8069,2,2
17414,1,1
17114,1,1
22350,1,1
14872,2,2
9548,0,0
11002,0,0
17335,1,1
6732,0,0
17492,1,1
7846,2,2
1162,1,1
15436,2,2
2127,0,0
13966,2,2
21286,2,2
526,1,1
20274,1,1
8761,0,0
3557,0,0
22249,1,1
21732,1,1
11707,0,0
21745,1,1
5626,2,2
458,0,0
21040,2,2
22431,1,1
5260,2,2
13494,1,1
21329,2,2
1383,0,0
563,1,1
14017,1,1
14479,1,1
17822,1,1
2796,0,0
23164,1,1
12774,1,1
12895,1,1
14877,1,2
12554,0,0
18684,1,1
16073,2,2
21630,1,1
10966,0,0
20614,2,2
4642,2,2
9692,0,0
11336,0,0
6809,2,2
6380,0,0
22897,1,1
4583,2,2
11918,0,0
15903,1,1
4950,0,0
8309,1,1
2924,0,0
17297,2,2
8347,0,0
3728,0,0
3125,0,0
17894,1,1
5744,0,0
11717,0,0
12631,1,1
24272,1,1
18001,1,1
22557,1,1
18192,1,1
6443,2,2
18351,1,2
20507,2,2
17060,1,1
8552,0,0
15468,1,1
23139,1,1
12167,0,0
13860,1,1
14355,1,1
18717,1,1
10573,0,0
10113,0,1
12863,2,2
5738,0,0
2879,0,0
8986,1,0
5338,2,0
17033,2,2
18137,2,2
10330,1,1
7,0,0
9968,0,0
23886,1,1
19513,1,1
22843,1,1
19079,2,2
24209,1,1
23590,1,1
8193,0,0
24150,1,1
22094,1,1
18340,2,2
18188,1,1
18907,1,1
21576,1,1
9962,0,0
21566,1,1
7303,0,0
8639,1,1
19732,2,1
3845,2,2
16945,1,1
10260,0,0
15894,1,1
19158,1,1
11683,0,0
7823,2,2
18545,2,2
20014,2,2
20971,1,1
19083,1,1
8569,0,0
12017,0,0
11052,0,0
9184,1,1
14345,2,2
3866,0,0
20508,1,1
15732,1,1
14032,2,2
558,0,0
666,0,0
8514,0,0
6756,0,0
10007,1,1
22132,1,1
17065,1,1
16954,2,2
24491,1,1
14109,1,1
4594,2,2
14674,2,2
14488,2,2
13819,1,1
19130,1,1
20997,1,1
8428,1,1
7323,0,0
13611,1,1
17990,1,1
12183,0,0
14578,2,1
20753,2,2
6960,0,0
4089,0,0
793,0,0
20539,1,1
24052,1,1
20656,2,2
4867,0,0
11797,0,0
21417,1,2
8994,0,0
19408,2,2
21500,1,1
5400,0,0
20340,1,1
8933,1,1
17339,2,2
23418,1,1
6028,2,0
19175,2,2
17987,2,2
19544,1,1
3884,0,0
3772,2,0
18166,2,2
21471,1,1
21335,2,2
12707,2,2
3232,0,0
7258,2,2
16996,2,2
5081,2,2
24191,1,1
3556,0,0
18023,2,2
11211,0,0
16938,1,1
18112,2,1
15605,2,2
9020,0,0
18511,1,1
10169,1,1
21434,1,1
10715,0,0
23537,1,1
1564,1,1
7541,2,2
18766,2,1
12615,1,1
23010,1,1
8314,1,1
14725,1,1
3077,0,0
19680,1,1
22499,1,1
17853,1,1
23737,1,1
11635,0,0
17653,1,1
20959,1,1
1153,0,0
7012,2,2
12669,1,1
15530,1,1
13723,1,1
6232,2,0
6851,2,2
5896,2,2
5140,2,2
15924,1,1
22902,1,1
20597,2,2
7815,0,2
6882,0,0
3660,0,0
20216,1,1
15984,1,1
2677,0,0
9457,0,0
18280,2,2
24384,1,1
14883,1,1
19183,1,1
24325,1,1
1518,0,0
11285,0,0
4183,0,0
9274,1,1
20840,1,1
8916,0,0
11325,0,0
17436,1,1
23574,1,1
10471,0,0
24530,1,1
4312,2,2
11793,0,0
13787,2,2
23393,1,1
788,0,0
15270,1,1
12186,0,0
7160,0,0
6252,0,0
13875,1,1
22687,1,1
3709,0,0
686,0,0
5123,2,2
16170,1,1
1966,0,0
2348,0,0
21716,1,1
1685,1,1
11514,0,0
20215,1,1
828,0,0
23002,1,1
24039,1,1
3969,0,2
10029,0,0
13635,1,1
22046,1,1
23839,1,1
11826,0,0
14436,1,1
16375,1,1
7264,2,2
10304,0,0
14093,2,2
6553,0,0
11954,0,0
14819,2,2
9443,1,1
11985,0,0
20980,2,2
17252,1,1
22640,1,1
8894,0,0
13555,1,1
3149,0,0
19847,2,2
19547,2,2
18009,1,1
10892,0,0
22470,1,1
17013,1,2
15267,1,2
10323,0,1
2482,0,0
4184,0,0
1280,0,0
16930,2,2
3046,0,0
6736,2,2
23246,1,1
21565,1,1
23736,1,1
16788,1,1
13103,2,2
6403,0,0
1993,0,0
8521,0,0
20028,1,1
9912,0,0
23362,1,1
14461,1,1
16193,2,2
1785,0,0
19118,1,1
20248,2,2
4150,2,2
10332,0,0
12589,1,1
23725,1,1
3802,2,2
21799,1,1
18848,1,1
11208,0,0
24517,1,1
21385,1,1
6484,2,0
8752,1,0
15016,2,2
7768,2,2
22021,1,1
17317,1,1
22364,1,1
21104,1,1
13986,1,1
11054,0,0
20371,1,1
6843,0,2
5270,0,0
89,1,1
827,1,1
11339,0,0
14116,2,2
12187,0,0
21785,1,1
21007,1,1
21009,1,1
7639,0,0
1881,0,0
11043,0,0
430,1,0
353,1,1
12990,1,1
21952,1,1
8538,0,0
7481,2,2
6863,2,2
14077,1,1
10034,0,0
2647,0,0
5398,2,2
14971,1,1
20361,1,1
5513,2,2
3994,2,2
22739,1,1
2306,0,0
24422,1,1
1392,0,0
17600,1,1
17485,1,1
14915,2,2
17026,2,2
21258,1,1
23710,1,1
7113,0,2
2347,0,0
23942,1,1
557,1,1
6387,0,0
19895,2,2
18364,2,1
9332,0,0
12921,1,1
16348,2,2
2723,0,0
10358,0,0
17074,2,2
5548,2,0
16370,1,1
18564,1,1
11977,0,0
13272,1,1
12457,0,0
1776,0,0
17042,1,1
6665,2,2
11790,0,0
4284,0,0
7913,2,2
18553,1,1
22100,1,1
334,1,0
15140,1,1
6276,0,0
951,0,1
19869,1,1
13263,1,1
17037,1,2
12215,0,0
1827,0,0
1939,0,0
11614,0,0
6208,2,2
16268,1,1
17586,1,1
5845,0,0
3775,0,0
22735,1,1
967,0,0
9639,0,1
18670,2,2
7187,2,2
17374,2,2
7322,0,0
21080,1,1
12446,0,0
7685,2,2
837,0,1
1294,1,1
20510,1,1
9078,0,0
14747,2,2
15554,1,1
23851,1,1
18611,2,2
18714,1,1
19331,2,2
12231,0,0
11377,0,0
10524,0,0
14715,1,1
3865,0,0
10886,0,0
17513,2,2
22455,1,1
13192,2,2
19085,2,2
14686,2,2
16197,1,2
1722,0,0
15437,2,2
17895,1,1
1516,1,1
3885,0,0
351,0,0
16733,2,2
10318,1,1
22546,1,1
1954,0,0
726,0,0
7120,2,2
13323,1,1
4668,0,0
328,1,1
1078,1,1
15326,1,1
895,0,0
11900,0,0
6949,0,0
19952,1,1
12415,0,0
13706,1,1
8863,0,0
6310,2,0
12508,0,0
2244,0,0
24002,1,1
17430,1,1
13995,1,1
16957,1,1
22028,1,1
8138,0,0
3229,0,0
13616,1,1
5636,0,0
16457,2,2
1492,1,1
13385,2,2
16078,2,2
11173,0,0
19858,2,2
948,0,0
12946,2,2
6222,0,0
3560,0,0
5452,2,2
6663,0,0
20174,1,1
5748,0,0
22929,1,1
9102,0,0
19614,1,1
17338,2,2
12533,0,0
21660,1,1
4710,0,0
10656,0,0
3749,2,2
9940,1,1
3023,0,0
10726,0,0
12695,2,2
11107,0,0
18140,1,1
5092,2,2
18077,2,2
1613,1,1
20803,1,1
18142,2,2
4395,0,0
17423,2,2
2998,0,0
1216,1,1
10709,0,0
2925,0,0
1509,0,0
1946,0,0
12866,1,1
6646,2,2
13191,1,1
19081,1,1
12404,0,0
22288,1,1
24101,1,1
7795,0,0
20167,1,1
10000,1,1
1963,0,0
23960,1,1
10089,0,0
8655,0,0
17191,1,1
24203,1,1
4314,0,0
17986,2,1
24274,1,1
19403,2,2
5861,2,2
23438,1,1
1563,0,0
24540,1,1
3421,0,0
17781,1,1
1552,1,1
9,0,0
13709,2,2
8160,0,0
22185,1,1
1713,0,0
13912,2,2
3737,2,2
9884,0,0
10118,0,0
19817,2,2
16722,1,1
3158,0,0
19187,2,2
6317,2,2
8520,0,0
14530,2,2
11791,0,0
11910,0,0
14204,1,1
17172,1,1
11623,0,0
8813,1,1
10418,0,0
9074,0,0
22868,1,1
20743,1,1
1422,0,0
20053,1,1
6306,0,0
10804,0,0
17849,2,2
19945,1,1
13403,2,2
7839,0,2
11854,0,0
1425,0,1
4494,0,0
21682,1,1
19107,1,1
20368,2,1
14627,2,2
9929,1,1
9871,0,0
21927,1,1
1439,1,1
5502,0,0
2296,0,0
17523,1,1
12720,1,1
4429,0,0
6614,0,0
20238,1,1
15271,1,1
5835,0,0
9747,0,0
7422,0,0
13585,1,1
3166,0,0
24019,1,1
7727,2,2
7292,0,0
11906,0,0
24155,1,1
8014,2,2
14188,2,2
6763,0,0
24287,1,1
5875,0,0
23637,1,1
8164,1,0
9846,0,0
13335,1,1
9289,0,0
9667,0,0
10492,0,0
16291,1,1
12036,0,0
18521,2,2
10691,0,0
23265,1,1
19626,1,1
7759,0,0
9092,0,0
20430,1,1
6321,0,0
14848,2,1
2642,0,0
9690,0,0
10084,1,1
10828,0,0
3181,0,0
20835,1,1
18931,1,1
6624,0,0
17733,1,1
10188,0,0
1469,1,1
3598,2,2
19755,1,2
18157,1,1
1672,1,1
17053,1,1
3882,0,0
19099,1,1
17068,2,2
21323,2,2
6488,0,0
12876,1,1
21820,1,1
24368,1,1
23991,1,1
17400,1,1
15425,2,2
21589,1,1
20847,1,1
12981,1,1
21552,1,1
11735,0,0
17272,2,2
8136,0,0
19495,1,1
2504,0,0
12100,0,0
9754,1,0
9847,0,0
7093,0,0
8454,0,0
4235,2,2
8982,0,0
6199,0,0
3464,0,0
10643,0,0
14985,1,1
539,1,1
3411,0,0
23983,1,1
7591,0,0
7684,2,2
17901,1,2
13210,2,2
7364,0,0
8374,1,1
24351,1,1
19028,1,1
15556,2,2
21449,2,2
10298,0,0
22624,1,1
9156,0,0
19214,1,1
6779,2,2
7634,0,0
15632,1,1
3574,0,0
2746,0,0
10861,0,0
22198,1,1
6000,0,0
1587,0,0
24544,1,1
3263,0,0
24108,1,1
14334,1,1
24212,1,1
15521,2,2
18445,1,1
1894,0,0
24174,1,1
5809,0,0
7853,2,2
13863,1,1
11042,0,0
23674,1,1
21432,1,1
21110,1,1
2258,0,0
7169,2,2
21870,1,1
9894,0,0
1877,0,0
4543,0,0
9378,0,0
18393,1,2
11154,0,0
18596,1,1
12832,2,2
289,0,0
4365,0,2
513,0,0
19222,2,2
10365,0,0
20096,1,1
6977,2,2
23790,1,1
23518,1,1
12900,1,1
16580,1,1
6698,0,0
16338,1,1
1029,0,0
17908,2,2
16312,2,2
1841,0,0
15559,1,1
18123,1,2
732,0,0
18713,2,2
4137,0,0
16335,1,1
23060,1,1
22845,1,1
6464,0,0
22639,1,1
10177,0,0
12444,0,0
19818,1,1
17644,2,1
15035,2,2
6676,2,2
20194,2,2
3052,0,0
19686,1,1
5909,2,2
14170,2,2
14803,1,1
7103,2,2
10328,0,0
18910,2,2
22342,1,1
15166,2,1
12182,0,0
9076,1,1
12771,1,1
15227,2,2
13423,1,1
8124,0,0
16212,1,1
22901,1,1
9779,1,1
16786,2,1
23177,1,1
9429,0,0
13434,1,1
6228,0,0
23872,1,1
4331,2,2
21414,1,1
12934,2,1
16036,2,2
4580,0,0
20032,2,2
2537,0,0
4577,2,2
18621,1,2
5839,0,0
7506,0,0
11428,0,0
16485,1,2
24483,1,1
3989,2,2
6024,0,0
4914,0,0
987,0,0
10914,0,0
24298,1,1
5126,0,0
21654,1,1
3291,0,0
13438,2,2
4806,0,0
199,0,0
10296,0,0
19562,1,1
12238,0,0
19854,1,1
13072,2,2
3509,0,0
19645,1,1
19926,1,1
10754,0,0
20737,1,1
9258,0,0
20372,1,1
1787,1,1
17350,2,1
3762,0,0
17890,2,1
24290,1,1
2865,0,0
11713,0,0
7180,2,2
5463,0,0
2026,0,0
2777,0,0
2290,0,0
9467,1,1
6265,0,0
17031,1,1
14378,1,1
8064,0,0
13630,2,2
1376,0,0
18871,1,1
23130,1,1
18457,1,1
9043,0,0
14795,2,2
16057,1,1
19620,1,1
16381,1,1
24210,1,1
23499,1,1
5362,2,2
11833,0,0
17509,1,1
11242,0,0
6596,0,0
16974,1,1
12693,1,2
12070,0,0
8652,0,0
19433,2,2
2261,0,0
23435,1,1
8156,0,0
6865,0,0
2531,0,0
588,0,0
6236,0,0
4442,0,0
9308,0,0
8817,0,0
7712,0,0
11022,0,0
13935,1,2
13491,1,2
8634,0,0
730,1,1
770,0,0
15584,1,1
8118,0,0
5309,2,2
13885,1,1
7272,0,0
19874,1,1
21277,1,1
24518,1,1
12249,0,0
14548,2,2
11282,0,0
21370,2,2
12514,0,0
1059,0,0
17487,1,1
807,0,1
9152,0,0
12066,0,0
20856,1,1
1724,0,0
9124,1,1
13951,1,1
21997,1,1
12419,0,0
6095,2,2
11886,0,0
5895,0,0
10987,0,0
3118,0,0
5032,2,0
528,0,0
21172,2,2
6368,0,0
6429,0,0
7243,0,0
12955,1,1
5837,2,2
20485,1,1
2246,0,0
3911,2,2
6123,0,2
21932,1,1
16127,2,2
1239,0,1
5737,0,0
13664,1,1
23619,1,1
4720,2,2
13747,1,1
13012,2,2
684,0,0
999,0,1
12931,1,1
21599,1,1
1899,0,0
22358,1,1
7051,0,0
18203,2,2
4313,2,2
21816,1,1
21648,1,1
4333,0,0
2322,0,0
19750,2,2
21196,2,2
870,0,0
22361,1,1
8626,1,0
21581,2,2
18371,2,2
13446,1,1
391,0,0
3619,0,0
23275,1,1
16832,1,1
11415,0,0
13002,1,1
7532,0,0
10793,0,0
8719,0,0
24471,1,1
18031,1,1
4562,0,0
7485,0,0
14323,1,1
8278,1,1
9149,1,1
19942,2,2
3128,0,0
20199,1,1
4164,0,0
10834,0,0
701,1,1
19324,2,2
10819,0,0
22675,1,1
19339,1,1
20027,2,2
22302,1,1
16925,2,2
1904,0,0
14411,2,2
14509,1,1
8959,0,0
16113,1,1
8980,1,1
12569,0,0
1730,0,0
23862,1,1
9545,1,1
11263,0,0
5306,0,0
6076,2,2
19643,2,2
21632,1,1
18929,2,2
1510,1,1
20821,1,1
8815,0,0
292,1,1
214,1,1
22883,1,1
20576,1,1
14112,1,1
10976,0,0
18667,1,1
13052,1,1
24427,1,1
3247,0,0
5855,2,2
23134,1,1
23354,1,1
16936,2,2
21455,2,2
4199,2,2
16729,1,1
2527,0,0
9861,0,0
11686,0,0
4078,2,2
19776,1,1
22890,1,1
10998,0,0
194,0,0
11682,0,0
6042,0,0
10784,0,0
10434,0,0
12477,0,0
23120,1,1
21183,1,1
5539,0,0
21156,1,1
14425,1,1
3284,0,0
20291,2,2
9651,0,0
1188,0,0
664,1,1
17546,1,1
10309,0,0
14629,1,1
15913,1,1
16939,1,1
4441,0,0
8537,1,1
19935,1,1
5473,0,0
15873,1,1
1680,0,0
5036,0,0
8392,1,0
21670,1,1
5365,0,0
2121,0,0
20030,1,1
15363,1,1
19815,1,1
9817,0,0
13154,1,1
17528,1,1
17073,1,1
12812,1,1
22102,1,1
9687,0,0
12917,2,2
11971,0,0
9811,0,0
18207,1,1
7896,0,0
16341,1,2
19385,2,2
18706,2,1
3692,0,0
3162,0,0
21645,1,1
7700,0,0
17924,1,1
14662,2,2
13196,1,1
13209,1,1
12179,0,0
19967,2,2
18345,1,2
11466,0,0
17155,1,1
9957,0,0
15861,1,1
16055,2,2
8187,0,0
3389,0,0
4414,2,0
7981,0,0
3587,0,0
20804,1,1
7971,0,0
4893,0,0
20993,2,2
1846,0,0
13408,2,2
4086,0,0
2217,0,0
16839,1,1
24441,1,1
1847,0,0
2876,0,0
11734,0,0
20171,2,2
20845,1,1
5321,2,2
15160,2,2
13253,2,2
2045,0,0
1500,0,0
6114,0,0
6797,2,2
21638,1,1
16841,2,2
22682,1,1
12122,0,0
19753,1,1
3383,0,0
19692,1,1
23565,1,1
2588,0,0
18478,2,1
15655,1,1
20311,1,1
19029,1,1
6294,0,0
13352,1,1
6230,0,0
10469,0,0
19341,1,1
2662,0,0
13588,2,1
8780,0,0
23325,1,1
15143,2,2
839,1,1
2323,0,0
9637,0,0
19800,1,1
80,0,0
23795,1,1
8022,0,0
8687,1,1
8517,0,0
9067,0,0
23990,1,1
14909,2,2
2307,0,0
15630,1,1
22447,1,1
8531,1,1
2863,0,0
4750,2,0
12913,1,1
7035,0,0
16072,2,2
14892,1,1
19931,2,2
3933,0,0
9418,1,1
10212,0,0
24199,1,1
24369,1,1
1028,0,0
3881,2,2
17886,1,1
11420,0,0
11018,0,0
10612,0,0
10024,1,1
4176,0,0
22022,1,1
12638,1,1
7517,2,2
4190,0,0
22792,1,1
23259,1,1
24373,1,1
7739,2,2
15608,1,1
23406,1,1
8243,1,1
5987,2,2
5420,0,0
10470,0,0
6098,0,0
20640,1,1
15006,1,1
21195,1,1
9836,0,0
14563,1,1
7527,0,0
12254,0,0
834,0,0
21808,1,1
2741,0,0
2202,0,0
1493,1,1
355,0,0
13833,1,1
23591,1,1
9523,0,0
16558,2,2
18893,2,2
15070,2,1
23486,1,1
13069,1,1
5439,0,0
18954,1,1
21008,1,1
3334,0,0
15149,2,2
7737,0,0
23503,1,1
21965,1,1
16321,1,1
14500,2,2
17380,2,2
9578,0,0
24346,1,1
9582,0,0
11888,0,0
13842,1,1
7420,2,0
3087,0,0
10539,0,0
10663,0,0
24120,1,1
5533,0,0
20420,1,1
17867,2,2
15074,1,1
10065,0,0
16556,1,1
3160,0,0
13193,2,2
1424,0,0
22842,1,1
16201,1,1
13236,1,1
767,1,1
14606,1,1
11200,0,0
20962,2,1
20712,1,1
9613,0,0
11536,0,0
16489,1,1
15864,1,1
20359,1,1
12456,0,0
24550,1,1
22595,1,1
13874,1,1
19684,2,2
8585,1,1
13883,2,2
4542,0,0
3544,0,0
5363,2,2
5975,2,2
547,0,0
5647,0,0
22410,1,1
